player_id,name,age,nationality,league,position,overall_rating,potential_rating,market_value_eur,wage_eur,preferred_foot,international_reputation,work_rate,height_cm,weight_kg,contract_valid_until,pace,shooting,passing,dribbling,defending,physicality,matches_played,goals,assists,yellow_cards,release_clause_eur
1001,Ruben Sane,22,Croatia,Serie A,CM,66,78,58698000,157100,Right,1,High/Medium,177.3,67.2,2027,55,57,51,58,32,66,5,0,2,0,88674000.0
1002,Bukayo Oblak,23,England,Bundesliga,GK,75,88,75515000,204000,Right,1,High/Medium,188.9,78.8,2025,73,66,49,42,73,67,14,0,0,2,114079000.0
1003,Robert Martinez,26,Belgium,La Liga,CAM,70,81,102290000,243300,Right,3,Medium/Medium,174.4,71.9,2026,77,60,69,71,76,51,35,3,9,5,154528000.0
1004,Ruben Hernandez,20,Uruguay,Bundesliga,ST,63,80,50238000,136800,Right,2,Medium/Medium,176.8,76.1,2026,65,37,66,74,63,84,41,4,14,7,75894000.0
1005,Julian Bellingham,23,Senegal,Premier League,LB,70,75,167791000,362400,Right,2,High/Medium,181.1,74.6,2025,66,56,52,62,27,77,9,0,1,1,
1006,Vinicius Griezmann,25,Uzbekistan,Bundesliga,CDM,74,81,93100000,234000,Right,1,Medium/Medium,190.2,77.9,2028,64,68,41,93,88,90,45,5,1,3,140644000.0
1007,Achraf Moraes,32,Italy,Ligue 1,RB,73,73,9296000,79700,Right,2,Medium/High,186.8,84.0,2026,60,55,59,61,87,72,17,1,1,1,14043000.0
1008,Ousmane Mbappe,21,Italy,Bundesliga,GK,75,95,180000000,394000,Left,3,Low/Medium,184.2,80.2,2025,63,55,85,82,77,80,28,0,0,5,271923000.0
1009,Lautaro Ronaldo,22,England,Eredivisie,RB,68,85,141375000,310800,Right,2,High/Medium,187.1,85.3,2025,63,74,65,48,60,52,31,2,4,2,213573000.0
1010,Ousmane Alaba,22,Netherlands,Ligue 1,LW,75,85,180000000,394000,Right,1,High/High,181.5,76.3,2029,80,64,76,70,56,75,5,1,0,0,271923000.0
1011,Leroy Donnarumma,25,Spain,Saudi Pro League,CM,73,77,126508000,292900,Left,1,Low/Medium,174.4,67.4,2027,48,67,67,72,62,46,24,1,8,2,191113000.0
1012,Cristiano Martinez,22,Croatia,MLS,GK,73,91,131666000,302200,Right,1,High/Medium,185.7,80.8,2027,75,36,64,57,34,56,12,0,0,0,198905000.0
1013,Florian Gonzalez,24,Netherlands,Ligue 1,LW,72,86,66493000,181900,Right,1,Medium/Medium,179.5,74.7,2024,78,69,44,69,45,95,7,4,1,2,100450000.0
1014,Lautaro Alaba,27,England,Bundesliga,CDM,89,96,180000000,424500,Right,3,Medium/Low,187.0,77.3,2028,52,44,59,57,44,63,36,0,0,3,271923000.0
1015,Antoine Kimmich,26,Croatia,Premier League,LW,81,92,118765000,294900,Right,3,High/Medium,176.2,71.5,2026,69,61,57,62,65,67,29,5,7,2,
1016,Alisson Muller,23,Belgium,Serie A,CM,74,85,180000000,392000,Right,2,Medium/Medium,176.1,70.0,2027,60,44,85,63,59,76,29,1,9,3,271923000.0
1017,Declan Rice,29,Uzbekistan,Serie A,CM,66,68,31923000,108400,Right,1,Medium/Medium,181.7,78.2,2029,83,76,67,48,37,67,18,2,2,1,48225000.0
1018,David Alaba,24,Senegal,La Liga,GK,70,80,104552000,247400,Right,1,Medium/High,183.1,78.4,2025,69,91,82,73,26,55,47,0,0,0,157945000.0
1019,Kylian Dias,24,Uzbekistan,La Liga,CB,85,95,180000000,415100,Right,3,High/High,184.2,73.1,2026,91,59,80,74,61,56,31,1,1,4,271923000.0
1020,Mohamed Martinez,18,Netherlands,Eredivisie,ST,67,84,124453000,278300,Right,1,Low/High,181.5,70.6,2024,93,59,53,62,35,77,36,6,8,0,
1021,Karim Becker,35,Brazil,Saudi Pro League,CB,71,71,17322000,90600,Left,1,Medium/High,183.5,76.4,2026,68,78,65,70,32,71,31,7,1,4,26168000.0
1022,Bruno Haaland,20,Netherlands,Ligue 1,ST,70,80,70378000,185300,Right,1,Medium/High,188.3,81.0,2025,98,71,88,55,92,78,8,1,1,2,106319000.0
1023,Antoine Saka,21,Portugal,La Liga,CDM,75,86,130110000,303300,Right,1,Medium/High,191.2,86.7,2028,53,60,72,50,93,75,43,1,4,5,196555000.0
1024,Karim Kane,18,Uruguay,Premier League,CB,69,84,180000000,382800,Right,4,Medium/High,190.9,85.3,2026,95,67,72,61,46,68,15,0,1,2,271923000.0
1025,Cristiano Valverde,25,Argentina,Premier League,GK,73,78,63471000,178200,Right,1,Medium/Medium,175.4,75.5,2027,68,94,77,75,22,68,7,0,0,0,95884000.0
1026,Joshua Salah,21,USA,La Liga,CB,69,82,157123000,341200,Left,1,Low/Low,181.0,72.9,2028,72,51,71,66,76,69,29,0,3,4,
1027,Thibaut Lewandowski,20,Germany,Premier League,ST,83,96,180000000,410600,Right,3,High/Low,180.8,72.5,2029,69,52,72,61,61,63,28,5,7,1,271923000.0
1028,David Alexander-Arnold,19,Uruguay,Premier League,RB,67,89,64155000,168700,Right,1,Medium/High,170.0,62.6,2026,56,74,69,71,68,63,13,2,2,0,96918000.0
1029,Gavi Fernandes,19,Netherlands,MLS,RB,80,94,180000000,404100,Right,1,Low/Medium,176.3,73.7,2026,83,95,60,55,43,74,12,0,0,0,271923000.0
1030,Achraf Moraes,25,Spain,Bundesliga,LB,67,76,105716000,244300,Right,1,High/Low,180.8,74.6,2024,55,64,50,51,36,85,43,2,5,1,
1031,Erling Ronaldo,26,Uzbekistan,La Liga,CB,65,68,28040000,99700,Right,1,High/High,184.0,69.7,2024,63,34,39,62,50,47,35,1,2,2,42359000.0
1032,Luka Neuer,23,Japan,Premier League,CDM,66,79,53728000,148000,Right,1,Low/Medium,182.1,76.4,2027,65,68,60,55,58,95,21,2,2,1,81166000.0
1033,Erling Sane,23,Uruguay,Serie A,CB,58,68,26930000,86900,Right,2,Medium/Medium,175.3,,2024,85,53,71,51,41,76,47,3,3,4,40683000.0
1034,Bruno Kane,26,Uzbekistan,Premier League,LW,76,83,80952000,215900,Right,1,Low/Low,174.5,68.9,2026,69,69,68,78,78,73,35,8,7,7,122293000.0
1035,Thibaut Hakimi,17,Croatia,MLS,RB,63,89,140731000,301300,Right,1,High/Low,183.0,77.5,2024,45,40,73,95,23,55,8,0,0,1,212600000.0
1036,Neymar van Dijk,22,Spain,La Liga,RB,69,81,71109000,184800,Left,1,High/Medium,182.1,70.8,2027,61,38,63,46,62,59,8,0,0,3,107423000.0
1037,Gavi Musiala,34,Uruguay,La Liga,CDM,78,78,9823000,90600,Right,2,High/Medium,184.9,84.7,2026,44,57,95,61,57,75,41,1,6,5,14839000.0
1038,Marc-Andre Rice,25,Croatia,La Liga,CDM,78,84,180000000,400000,Right,1,Medium/High,184.5,79.2,2025,78,88,93,69,76,71,12,0,0,1,271923000.0
1039,Robert Saka,21,USA,Premier League,ST,61,74,37004000,109600,Right,1,Medium/High,179.4,66.5,2025,58,40,43,44,37,52,46,11,7,3,55901000.0
1040,Julian Moraes,24,Netherlands,Bundesliga,CM,74,83,101722000,249700,Right,2,High/Medium,182.8,76.2,2026,64,56,74,64,67,57,10,0,8,2,
1041,Federico Rashford,22,Croatia,Bundesliga,GK,81,96,180000000,406300,Right,3,High/High,180.8,76.1,2027,96,38,78,65,63,59,13,0,0,0,271923000.0
1042,Manuel Silva,24,France,Bundesliga,CM,67,77,75912000,190100,Left,1,Medium/High,180.2,69.7,2026,80,66,35,73,59,58,46,4,10,2,
1043,David Griezmann,20,Italy,Premier League,CB,76,94,180000000,395900,Right,1,Medium/Medium,178.9,75.0,2027,59,65,67,56,39,71,12,0,0,1,271923000.0
1044,Heung-min Son,20,Uruguay,Serie A,GK,63,77,110656000,246600,Left,2,High/Low,193.3,92.7,2025,85,39,72,59,41,55,36,0,0,1,167166000.0
1045,Manuel Courtois,20,Senegal,Serie A,ST,75,88,180000000,394000,Right,3,Low/High,180.2,71.5,2024,65,82,64,79,49,77,19,12,3,3,
1046,Thomas Rice,32,USA,Saudi Pro League,CAM,73,74,21387000,101700,Right,4,High/High,185.4,80.1,2024,77,31,70,72,45,50,22,1,6,1,32309000.0
1047,Manuel Messi,27,Netherlands,La Liga,ST,77,83,114289000,278500,Right,3,Medium/Medium,184.0,78.0,2026,64,87,66,76,77,79,27,15,4,5,172654000.0
1048,Antoine Salah,20,Italy,La Liga,CDM,77,92,180000000,397900,Right,2,Medium/Medium,176.2,74.4,2027,62,83,74,44,57,95,9,1,1,2,271923000.0
1049,Karim Griezmann,20,Senegal,Bundesliga,CDM,61,71,68441000,166800,Right,1,Medium/High,183.6,76.4,2025,61,66,86,58,69,77,31,5,4,2,103393000.0
1050,Lionel Alaba,27,Brazil,Bundesliga,CB,73,82,46633000,147600,Left,2,High/Low,189.8,77.5,2027,73,76,75,86,28,61,37,2,5,3,70448000.0
1051,Robert Griezmann,20,Croatia,Serie A,CB,84,96,180000000,412900,Left,2,High/Medium,186.5,83.1,2026,86,59,81,65,21,61,6,0,1,0,271923000.0
1052,Vinicius Fernandes,21,England,La Liga,LW,55,63,37167000,101300,Left,1,Medium/Medium,180.4,70.3,2029,79,37,50,65,51,54,46,11,8,5,56147000.0
1053,Robert Alexander-Arnold,33,Brazil,Serie A,RB,80,80,26675000,125400,Left,1,High/High,178.4,79.5,2027,60,65,93,65,31,80,42,0,9,3,40297000.0
1054,Theo Leao,21,Uzbekistan,Saudi Pro League,LW,85,91,180000000,415100,Right,2,Medium/Medium,177.6,74.0,2027,50,36,69,87,55,69,32,5,6,2,271923000.0
1055,Kevin Neuer,26,Netherlands,Serie A,CAM,60,67,41659000,116600,Right,2,Low/Medium,179.2,70.9,2026,62,61,59,57,39,46,28,3,4,0,62933000.0
1056,Ruben Courtois,34,Spain,MLS,CB,67,67,9562000,69400,Right,1,Low/High,181.6,79.6,2029,48,42,70,75,60,50,25,1,1,1,
1057,Joshua Salah,22,Senegal,Serie A,CDM,76,81,180000000,395900,Right,1,Medium/Medium,175.0,69.8,2029,91,77,57,70,40,46,35,1,1,3,271923000.0
1058,Karim Lewandowski,17,France,MLS,CM,65,83,117468000,262300,Left,1,Medium/High,190.4,81.7,2026,71,68,66,49,65,77,15,2,5,1,177457000.0
1059,Jude Hakimi,21,Belgium,Ligue 1,CB,83,96,180000000,410600,Right,3,Low/Low,191.1,80.3,2026,78,72,69,63,39,55,32,1,0,4,
1060,Florian Dembele,28,Italy,La Liga,LW,80,83,91919000,244000,Right,2,High/High,176.0,63.6,2026,64,67,55,56,21,78,44,11,5,0,138860000.0
1061,Ousmane Dias,29,Argentina,Saudi Pro League,CM,61,65,18971000,76800,Right,1,High/Low,183.4,79.1,2026,74,92,67,50,70,61,8,1,1,0,28659000.0
1062,Theo Alaba,27,Senegal,Premier League,CB,66,74,33193000,110700,Right,1,High/Medium,174.8,63.7,2026,79,78,55,82,41,77,47,2,4,3,50144000.0
1063,Marquinhos Alvarez,19,Italy,MLS,CM,78,96,180000000,400000,Right,1,High/Medium,169.1,62.5,2025,98,89,55,51,79,64,46,12,16,3,
1064,Harry Alexander-Arnold,28,Senegal,Bundesliga,ST,78,84,88269000,233200,Right,1,Medium/Medium,189.0,83.3,2028,63,47,50,76,43,79,20,3,1,0,133346000.0
1065,Lionel Alexander-Arnold,31,Portugal,Premier League,CB,90,91,53099000,196200,Right,4,Medium/High,189.3,79.5,2026,80,53,59,55,40,58,16,0,1,0,80216000.0
1066,Trent Saka,25,Uzbekistan,Bundesliga,LW,65,76,42143000,125300,Right,2,Medium/Medium,178.1,72.9,2027,75,25,57,84,49,59,26,3,3,0,63665000.0
1067,Kylian Messi,32,Japan,Eredivisie,CB,84,85,32999000,145600,Right,3,Medium/Medium,187.3,74.9,2026,59,55,71,61,44,62,39,2,2,3,49851000.0
1068,Kevin Kane,28,Japan,Premier League,LW,65,68,31648000,106200,Right,1,Medium/High,200.4,89.9,2027,62,61,80,71,57,78,47,15,6,2,47810000.0
1069,Gavi Becker,26,Germany,Serie A,CAM,76,87,87112000,227100,Right,1,Medium/Medium,185.3,79.0,2026,76,68,74,59,62,55,20,4,7,2,131598000.0
1070,Harry Benzema,24,Netherlands,Bundesliga,LB,79,88,180000000,402000,Right,1,High/High,175.2,66.5,2027,68,53,78,38,64,61,28,0,2,4,271923000.0
1071,Bukayo Rice,22,Brazil,Ligue 1,LB,52,71,45692000,112900,Right,1,Medium/Medium,171.1,72.7,2026,74,73,77,45,53,65,39,3,1,3,69026000.0
1072,Heung-min Neuer,20,Argentina,La Liga,LW,79,96,180000000,402000,Right,1,Medium/Medium,184.0,74.6,2026,83,72,52,42,27,72,32,14,5,1,
1073,Pedri Wirtz,25,Spain,Premier League,CDM,83,93,174579000,400800,Right,2,Medium/High,187.6,86.1,2028,98,54,60,70,86,63,46,0,0,8,263733000.0
1074,Ruben Wirtz,22,USA,Premier League,CAM,81,96,180000000,406300,Right,3,High/Medium,184.2,76.7,2025,74,46,89,66,48,74,33,4,13,2,271923000.0
1075,Erling Coman,29,Spain,Serie A,CB,88,92,89308000,257200,Right,3,Low/Medium,180.0,67.8,2026,54,63,57,74,47,59,25,0,4,3,134916000.0
1076,Trent Dembele,36,Spain,Serie A,RW,80,80,48737000,165500,Right,1,Low/Medium,181.5,70.6,2025,68,63,90,58,53,79,29,6,4,1,
1077,Ruben ter Stegen,27,Belgium,MLS,CAM,68,77,74900000,189900,Right,1,Medium/Medium,174.4,70.0,2028,63,52,59,38,50,77,43,5,6,3,113150000.0
1078,Bukayo Oblak,19,Portugal,Premier League,RW,82,96,180000000,408400,Left,2,Medium/High,183.4,80.9,2025,98,57,36,83,23,61,35,3,1,1,
1079,Thomas van Dijk,21,Japan,Bundesliga,CB,67,86,123464000,276500,Right,1,Medium/Low,191.1,91.0,2027,67,39,61,79,65,76,19,1,3,3,186515000.0
1080,Pedri Wirtz,19,Spain,Premier League,CM,73,96,180000000,390100,Left,1,High/Medium,178.5,73.1,2025,75,72,76,71,40,54,46,8,17,0,271923000.0
1081,Mohamed Alvarez,25,USA,Premier League,CM,79,93,180000000,402000,Right,3,High/High,189.4,76.7,2026,79,73,88,81,49,69,39,8,11,2,271923000.0
1082,Joshua Ronaldo,27,USA,Serie A,RB,76,84,82687000,219000,Right,1,Medium/Medium,182.7,77.2,2028,76,62,44,65,86,58,42,5,3,6,124914000.0
1083,Alisson ter Stegen,31,Croatia,Serie A,CDM,83,85,81049000,230700,Right,3,High/High,185.2,74.8,2025,85,74,76,70,72,71,26,3,1,3,
1084,Luka Muller,23,USA,Bundesliga,GK,92,96,180000000,431800,Right,4,Medium/High,176.1,72.2,2027,81,64,77,57,84,65,9,0,0,2,271923000.0
1085,Joshua Alaba,30,Japan,MLS,CAM,63,67,32803000,105100,Right,1,Medium/Medium,181.5,71.4,2025,98,87,83,53,42,58,17,1,8,1,49555000.0
1086,Thibaut Valverde,29,Spain,Bundesliga,CM,69,72,31164000,112200,Right,2,High/Low,177.6,64.0,2026,74,41,30,46,68,49,36,3,10,2,47079000.0
1087,Leroy Bellingham,22,USA,MLS,GK,75,84,180000000,394000,Right,1,High/Low,190.8,88.8,2026,90,65,88,57,62,65,7,0,0,2,271923000.0
1088,Joshua Son,29,Netherlands,Saudi Pro League,CAM,68,71,17129000,84900,Right,1,High/Medium,190.0,81.3,2026,62,76,71,96,54,82,19,2,6,3,25876000.0
1089,Ruben Leao,22,Portugal,Serie A,CDM,71,89,109743000,258700,Right,2,High/Medium,183.9,77.3,2027,98,85,71,47,41,71,31,1,2,2,165787000.0
1090,Lionel Kimmich,22,Uruguay,Ligue 1,GK,78,95,170510000,382700,Right,2,Medium/Medium,181.1,,2027,69,74,79,54,74,49,31,0,0,5,257586000.0
1091,Pedri Courtois,25,France,Bundesliga,ST,77,87,150619000,344500,Right,3,Medium/Medium,186.1,86.8,2025,90,45,36,68,45,65,34,7,1,2,227537000.0
1092,Kylian Becker,22,France,Premier League,ST,74,86,180000000,392000,Right,1,Low/High,184.6,80.6,2026,85,35,79,96,57,82,10,2,2,0,271923000.0
1093,Luka Lewandowski,25,Portugal,Bundesliga,CDM,73,83,170957000,373700,Right,1,High/Low,195.4,87.5,2024,72,59,95,53,71,64,29,1,5,3,258261000.0
1094,Harry Benzema,25,Germany,Premier League,GK,70,80,43056000,135600,Left,1,Medium/High,188.7,,2027,90,67,45,58,37,56,32,0,0,1,65044000.0
1095,Trent Leao,24,Belgium,Serie A,CAM,83,92,180000000,410600,Left,2,High/Medium,174.0,68.0,2027,72,77,64,75,35,88,26,2,6,2,271923000.0
1096,Alisson Alaba,22,Uzbekistan,Bundesliga,CDM,85,95,180000000,415100,Right,4,Medium/Low,187.0,79.9,2025,91,44,65,74,93,55,8,1,1,5,271923000.0
1097,Ousmane Rice,24,Uzbekistan,Premier League,LB,80,88,180000000,404100,Right,1,Medium/Medium,181.2,75.4,2025,77,71,69,57,39,65,19,2,2,1,271923000.0
1098,Jamal Wirtz,25,Argentina,Premier League,CDM,63,73,36592000,112000,Left,1,Medium/High,182.5,72.8,2024,66,25,70,56,84,60,30,0,4,2,55279000.0
1099,Ousmane Courtois,24,Japan,MLS,CDM,70,82,84274000,210500,Right,1,Medium/High,176.0,70.7,2029,76,50,55,72,54,75,22,1,2,2,127311000.0
1100,Jude Becker,23,Croatia,Bundesliga,CM,74,84,150808000,339000,Right,1,High/Medium,181.2,76.3,2027,73,75,65,63,47,73,13,4,1,1,227823000.0
1101,Cristiano Mbappe,17,Italy,Premier League,CDM,64,92,138453000,298800,Left,5,High/Medium,182.2,77.7,2026,71,42,89,70,49,57,8,1,0,0,209158000.0
1102,Trent Fernandes,25,Netherlands,Bundesliga,CM,73,77,174286000,379700,Right,2,Medium/Medium,181.2,76.6,2026,74,44,70,64,53,59,9,1,7,0,263291000.0
1103,Cristiano Ronaldo,20,England,Serie A,RW,72,84,110583000,262000,Right,1,High/Medium,173.7,63.9,2025,80,53,70,71,79,69,10,0,4,1,167056000.0
1104,Joshua Dembele,25,France,Serie A,RB,81,89,154769000,360400,Right,2,High/Low,183.9,82.1,2026,39,64,54,72,68,70,16,1,0,3,233807000.0
1105,Trent Wirtz,27,Uruguay,Eredivisie,CAM,68,71,27093000,103000,Right,1,High/High,173.9,73.1,2027,76,44,83,41,51,65,35,1,13,7,40929000.0
1106,Florian Messi,24,Portugal,Bundesliga,RW,81,89,180000000,406300,Left,3,High/Medium,172.6,67.6,2026,81,61,61,60,21,64,13,3,1,2,271923000.0
1107,Bernardo Ronaldo,24,Argentina,La Liga,CDM,64,71,82182000,196500,Right,1,Medium/Medium,186.6,81.3,2028,91,55,36,71,55,53,11,0,0,1,
1108,Thibaut Kane,32,Portugal,Ligue 1,CDM,65,66,3792000,55600,Right,1,Medium/High,186.0,78.0,2026,50,80,70,77,57,90,33,3,1,2,5729000.0
1109,Jamal Modric,29,Italy,Saudi Pro League,CM,69,72,31524000,112800,Right,3,High/High,173.5,71.3,2025,55,54,74,62,77,75,18,1,6,4,47623000.0
1110,Jamal Haaland,31,Argentina,Premier League,CM,72,74,19881000,97100,Right,1,High/Low,170.1,63.1,2027,70,62,60,43,28,68,24,2,1,1,30034000.0
1111,Vinicius Fernandes,28,France,Premier League,LW,53,58,10481000,50100,Right,3,Medium/Low,172.5,72.6,2026,60,64,33,83,46,79,36,8,6,2,15833000.0
1112,Virgil Griezmann,19,Spain,Premier League,CDM,76,85,180000000,395900,Right,2,Medium/High,181.2,77.6,2028,60,55,49,78,45,65,26,1,0,2,
1113,Kevin Hakimi,20,Croatia,Bundesliga,ST,86,96,180000000,417400,Left,2,Low/Low,189.5,85.0,2026,69,74,63,68,53,58,40,12,5,2,271923000.0
1114,Luka Alvarez,24,Portugal,Bundesliga,GK,77,82,180000000,397900,Right,1,Low/High,184.1,76.8,2026,67,77,59,60,56,72,22,0,0,2,271923000.0
1115,Vinicius Rashford,21,Croatia,Bundesliga,GK,70,89,138560000,309200,Right,1,Low/Medium,181.9,69.8,2027,61,54,71,74,62,69,44,0,0,8,209320000.0
1116,Florian Benzema,23,Croatia,MLS,CM,63,80,94346000,217000,Right,1,Medium/High,183.0,79.9,2026,59,66,73,61,20,88,29,0,9,3,142527000.0
1117,Luka Rashford,23,Croatia,Ligue 1,LB,57,66,35014000,100100,Right,4,Medium/Low,181.3,69.5,2026,71,47,58,78,58,59,35,1,1,1,
1118,Thomas Mbappe,24,Uruguay,Premier League,CB,59,74,25436000,85600,Left,1,High/High,177.5,75.2,2029,53,71,45,90,59,56,39,1,2,6,38426000.0
1119,Rodri van Dijk,27,England,La Liga,LB,71,80,73710000,193100,Right,1,Medium/Medium,173.1,65.5,2026,51,65,85,60,56,93,30,0,3,3,111352000.0
1120,Bernardo Kane,26,France,La Liga,CB,89,96,180000000,424500,Left,4,High/Medium,178.7,66.7,2025,71,56,72,77,51,82,8,1,0,1,
1121,Kylian Hernandez,24,Croatia,La Liga,GK,52,64,12429000,52400,Right,1,Medium/High,200.4,91.6,2028,91,67,74,58,20,75,46,0,0,0,18776000.0
1122,Rodri Wirtz,28,Uruguay,Bundesliga,ST,78,82,95473000,246300,Right,1,Medium/Medium,187.6,85.2,2024,78,71,70,80,65,59,24,6,8,9,144229000.0
1123,Mohamed Courtois,23,Brazil,Saudi Pro League,CB,67,83,52439000,147400,Right,1,Medium/High,183.8,73.1,2025,88,81,80,63,37,73,38,4,4,0,79219000.0
1124,Florian Moraes,30,Japan,La Liga,CAM,69,71,24914000,100800,Right,2,High/Medium,187.0,86.4,2026,44,68,59,85,66,52,16,4,2,0,37637000.0
1125,Ruben Silva,19,Uzbekistan,Serie A,CAM,64,74,87600000,206300,Left,1,Medium/Medium,175.3,72.5,2025,57,76,76,63,77,61,20,3,4,3,132336000.0
1126,Marquinhos Messi,32,England,Ligue 1,ST,61,61,6289000,53800,Left,3,High/Medium,189.0,82.1,2029,66,92,74,55,24,54,46,19,12,1,9501000.0
1127,Vinicius Muller,25,Germany,La Liga,GK,73,80,132453000,303700,Right,2,High/Low,186.3,77.3,2026,82,45,73,62,65,58,9,0,0,2,200094000.0
1128,Antoine Dembele,22,Belgium,Premier League,RW,74,86,151235000,339700,Left,1,High/Medium,173.7,67.5,2026,81,80,48,64,32,53,39,13,7,2,228468000.0
1129,Kingsley Coman,20,France,Serie A,CDM,77,95,180000000,397900,Right,1,High/High,186.4,81.0,2025,57,47,66,70,54,76,31,1,1,1,271923000.0
1130,Alisson Alexander-Arnold,23,Spain,Premier League,CM,59,76,26477000,87500,Right,1,Medium/Medium,182.9,79.7,2025,87,50,70,62,52,89,5,2,2,0,39998000.0
1131,Mohamed Rashford,20,USA,MLS,CM,79,86,180000000,402000,Right,1,Medium/Medium,184.6,75.3,2027,73,61,89,70,68,79,38,9,16,5,271923000.0
1132,Heung-min Ronaldo,20,France,Premier League,LW,79,96,180000000,402000,Right,2,Medium/Low,180.7,71.3,2026,85,51,66,70,65,76,47,11,2,4,271923000.0
1133,Lionel Gonzalez,25,Italy,La Liga,LB,75,88,67989000,190300,Right,1,Medium/High,183.3,75.7,2027,63,48,80,61,59,63,36,2,5,3,102710000.0
1134,Kevin Dias,24,Senegal,Serie A,CAM,69,74,55104000,155700,Right,1,High/Medium,182.4,81.4,2025,52,61,44,71,25,70,43,5,11,3,
1135,Jamal Benzema,26,Argentina,Eredivisie,CDM,74,80,140072000,319400,Right,1,Low/Medium,198.8,84.3,2027,81,56,54,59,20,55,37,1,1,0,211604000.0
1136,Gianluigi Alexander-Arnold,31,Japan,Premier League,LW,71,74,20755000,96900,Left,2,Medium/Medium,185.5,83.2,2025,73,51,71,92,71,52,35,7,13,6,31354000.0
1137,Bernardo Rashford,24,Uzbekistan,Premier League,ST,80,91,156116000,360700,Right,1,Medium/Medium,183.4,76.9,2026,56,46,71,70,68,50,17,3,4,2,235841000.0
1138,Kylian Valverde,25,Portugal,Premier League,CB,69,81,52543000,151100,Left,1,Medium/High,185.5,71.6,2027,62,84,54,74,37,53,6,0,1,0,79376000.0
1139,Ousmane Leao,19,Croatia,Premier League,ST,73,93,180000000,390100,Left,1,Medium/High,180.7,72.6,2025,84,42,78,64,61,76,34,5,4,6,271923000.0
1140,Ousmane Bellingham,26,Argentina,Premier League,GK,58,66,20426000,75000,Right,5,High/High,176.1,73.0,2026,73,59,62,57,51,77,14,0,0,0,30857000.0
1141,Robert van Dijk,23,Argentina,Bundesliga,GK,74,79,102887000,251800,Right,1,High/Low,191.7,91.7,2024,79,79,62,77,74,57,27,0,0,1,
1142,Virgil Moraes,34,Senegal,Premier League,GK,66,66,11056000,70400,Right,1,Medium/High,180.5,69.1,2026,58,74,63,71,56,71,37,0,0,2,16702000.0
1143,Rodri Alexander-Arnold,28,Croatia,Premier League,RB,76,78,91455000,235000,Right,1,High/Medium,179.6,62.6,2027,87,65,83,33,71,81,43,6,4,3,138159000.0
1144,Marc-Andre Son,24,Senegal,Ligue 1,CM,78,89,180000000,400000,Right,2,Medium/Medium,186.4,73.8,2024,70,52,80,92,43,66,33,4,14,3,271923000.0
1145,Theo Son,20,France,La Liga,GK,67,87,89306000,214400,Left,1,Medium/Medium,182.9,80.8,2028,44,61,91,76,60,59,34,0,0,5,134913000.0
1146,Thomas Silva,29,Croatia,La Liga,GK,72,77,47771000,147800,Right,2,Medium/Medium,181.2,67.8,2026,70,44,72,62,47,63,38,0,0,3,72167000.0
1147,Jan Silva,28,Japan,La Liga,ST,73,81,102432000,249100,Right,1,Medium/Medium,174.2,74.6,2028,77,57,92,74,43,85,43,10,10,1,154742000.0
1148,Cristiano Alexander-Arnold,20,Uzbekistan,Eredivisie,LW,75,89,180000000,394000,Right,1,High/Medium,188.4,86.1,2025,78,57,68,72,20,67,21,6,5,0,271923000.0
1149,Declan Courtois,22,Italy,Premier League,LW,78,94,180000000,400000,Right,2,Medium/High,175.6,71.0,2028,68,58,63,73,71,93,26,5,5,2,271923000.0
1150,Achraf Leao,28,Croatia,Saudi Pro League,RW,77,83,149865000,343200,Right,2,Low/Medium,175.0,67.5,2025,44,49,58,55,86,59,9,2,0,0,226398000.0
1151,Erling Leao,20,Portugal,Ligue 1,CAM,69,92,180000000,382800,Right,2,Medium/Medium,165.5,62.6,2026,66,34,62,67,30,61,15,2,5,1,271923000.0
1152,Gavi Martinez,31,Portugal,Premier League,GK,85,87,30780000,143800,Right,3,Low/Low,185.7,81.2,2028,60,82,63,70,67,51,26,0,0,2,46499000.0
1153,Marc-Andre Valverde,23,Argentina,Eredivisie,RB,78,85,180000000,400000,Right,1,High/Medium,179.8,75.5,2025,64,78,55,83,66,80,36,2,6,3,
1154,Robert Salah,19,Germany,La Liga,CAM,83,96,180000000,410600,Right,2,Medium/Medium,180.0,80.6,2024,83,75,56,68,45,69,28,3,3,3,271923000.0
1155,Kylian Fernandes,28,Belgium,Premier League,LB,75,81,66050000,186800,Right,1,High/Medium,174.4,68.4,2027,65,68,73,72,41,57,15,0,0,2,99780000.0
1156,Florian Gonzalez,22,Italy,Ligue 1,CAM,75,81,180000000,394000,Right,2,High/Medium,181.9,70.3,2026,91,64,58,55,76,63,15,2,7,3,271923000.0
1157,Lautaro Alvarez,24,Germany,Bundesliga,GK,71,83,30219000,114100,Right,1,High/Low,173.0,62.9,2026,69,50,41,67,74,73,21,0,0,2,
1158,Jan Coman,19,Netherlands,Bundesliga,LB,68,91,170120000,363100,Right,1,High/Medium,181.4,68.4,2024,91,52,40,78,63,58,36,2,4,5,256997000.0
1159,Virgil Donnarumma,17,Netherlands,Premier League,CM,80,96,180000000,404100,Left,1,High/High,182.8,77.0,2027,79,85,35,58,45,72,23,2,0,2,271923000.0
1160,Manuel Lewandowski,25,England,Serie A,CM,74,81,74497000,200200,Right,1,Low/Low,182.4,74.9,2025,74,88,45,61,74,78,31,7,7,5,112541000.0
1161,Harry Kimmich,24,Argentina,Ligue 1,CM,71,85,127688000,291300,Left,1,Medium/Medium,183.0,76.5,2028,63,59,48,54,39,62,36,0,7,1,192896000.0
1162,Rafael Martinez,25,Portugal,La Liga,CAM,64,76,53458000,144200,Right,1,High/Medium,182.7,74.0,2027,53,62,51,49,80,45,29,2,6,5,80758000.0
1163,Leroy Leao,28,France,La Liga,GK,84,90,151654000,361300,Right,3,High/Low,194.8,81.5,2027,68,73,69,55,84,64,32,0,0,3,229101000.0
1164,Joshua Leao,25,Senegal,Premier League,GK,73,78,168736000,369600,Left,1,Medium/Medium,185.3,80.8,2025,93,63,47,74,76,61,44,0,0,4,254906000.0
1165,Kevin Hernandez,20,Portugal,Premier League,RW,62,72,96042000,218500,Left,1,High/Medium,173.3,59.6,2028,69,64,52,63,61,53,31,12,4,4,145089000.0
1166,Erling Alexander-Arnold,22,Uruguay,Saudi Pro League,CAM,73,89,180000000,390100,Left,1,High/Medium,182.4,72.7,2026,65,61,39,55,20,75,18,4,3,0,271923000.0
1167,Marcus Alaba,30,Uruguay,La Liga,CB,70,74,14979000,84500,Right,1,Medium/High,182.5,79.1,2028,65,46,55,95,51,75,46,2,2,3,22628000.0
1168,Joshua Coman,27,Portugal,Eredivisie,LW,70,75,56777000,160500,Right,1,Medium/Medium,186.1,75.2,2025,93,56,75,57,86,70,43,9,9,4,85772000.0
1169,Thomas Rodri,24,Senegal,La Liga,CB,77,85,180000000,397900,Left,2,High/High,181.2,76.4,2027,82,59,64,75,71,62,6,0,1,2,271923000.0
1170,Luka Alexander-Arnold,21,Uzbekistan,Bundesliga,CDM,70,77,118507000,272800,Right,3,Medium/High,176.4,68.0,2026,90,25,66,71,62,69,21,0,3,6,179026000.0
1171,Gianluigi Dias,22,Japan,La Liga,CB,70,85,180000000,384600,Right,1,Medium/Medium,188.5,79.1,2024,47,63,64,70,42,60,5,0,0,0,
1172,Ousmane Sane,27,Uruguay,La Liga,CAM,83,86,180000000,410600,Right,2,High/Medium,168.2,66.5,2026,59,96,47,43,73,76,36,7,6,2,271923000.0
1173,Jan Musiala,29,Spain,Premier League,CM,58,60,19330000,73000,Left,2,Low/High,179.0,68.1,2025,58,55,59,83,26,62,23,1,3,1,29201000.0
1174,Theo Leao,26,Portugal,La Liga,CB,72,75,52268000,156000,Left,1,Medium/Low,182.5,78.9,2026,85,62,68,71,51,64,18,0,3,2,78960000.0
1175,Federico Wirtz,28,USA,Serie A,RW,79,85,94771000,247100,Right,2,High/Medium,179.6,73.7,2026,77,48,78,78,86,65,35,10,6,4,
1176,Julian Leao,27,England,Eredivisie,RB,77,83,104331000,260400,Left,1,High/High,175.5,74.9,2026,83,44,70,81,40,95,22,2,0,1,
1177,Kylian Silva,20,Germany,Bundesliga,LB,80,91,180000000,404100,Right,1,High/Medium,176.3,71.6,2027,50,57,77,89,65,55,18,1,4,1,
1178,Antoine Neuer,23,Netherlands,Premier League,CB,88,96,180000000,422100,Right,5,Medium/Medium,192.2,79.5,2026,87,72,49,54,23,62,18,0,2,1,271923000.0
1179,Kingsley Mbappe,20,Portugal,Premier League,LB,86,95,180000000,417400,Right,2,High/Medium,181.9,82.3,2024,83,58,43,57,43,48,28,0,1,1,271923000.0
1180,Marquinhos Rodri,21,Portugal,Premier League,GK,63,75,81967000,194500,Right,1,Medium/High,192.6,80.2,2027,62,56,40,59,58,71,9,0,0,1,123826000.0
1181,Ousmane Wirtz,29,Uruguay,Serie A,CM,59,65,10027000,57600,Right,1,High/High,178.5,71.8,2028,66,69,76,55,61,88,20,1,7,2,15148000.0
1182,David Alvarez,23,Japan,Ligue 1,LW,75,85,141203000,323400,Right,1,Medium/Medium,176.7,74.8,2026,61,65,44,84,92,65,9,2,1,0,213313000.0
1183,Julian Ronaldo,24,Croatia,MLS,CM,61,71,30791000,98300,Right,1,Medium/Medium,183.4,69.1,2025,70,66,79,53,45,60,17,2,3,2,
1184,Harry Neuer,20,Spain,Premier League,CB,57,64,39747000,108700,Right,2,Medium/Medium,198.5,96.6,2026,80,81,58,62,65,67,20,4,3,6,60045000.0
1185,Cristiano Kane,22,Italy,Serie A,GK,75,91,131802000,306300,Right,2,Medium/Low,182.7,71.5,2027,91,79,88,45,65,80,19,0,0,0,199111000.0
1186,Marcus Moraes,21,France,Serie A,CB,77,89,180000000,397900,Right,1,Low/High,185.3,76.4,2027,62,85,58,76,44,84,35,0,4,3,271923000.0
1187,Florian Benzema,21,USA,Bundesliga,RB,86,96,180000000,417400,Right,2,Medium/Low,189.1,82.8,2027,68,42,59,65,72,55,9,0,1,1,271923000.0
1188,Ederson Becker,25,Italy,Serie A,CAM,78,84,127405000,304400,Left,1,High/Low,175.7,70.2,2025,57,75,65,78,67,75,25,2,8,2,192468000.0
1189,Thomas Neuer,21,France,Bundesliga,CB,87,96,180000000,419700,Left,3,Medium/Low,189.2,85.0,2027,84,88,59,76,50,66,34,1,1,4,271923000.0
1190,Heung-min Alexander-Arnold,25,Belgium,Bundesliga,CAM,75,87,176088000,386900,Right,1,Medium/Low,187.4,73.3,2026,51,35,70,45,58,85,27,1,13,4,
1191,Antoine Griezmann,18,Portugal,Premier League,RW,63,89,94152000,216600,Left,1,High/Medium,175.4,72.8,2025,78,61,50,69,37,95,42,7,9,4,
1192,Pedri Salah,20,Spain,Ligue 1,CDM,79,86,180000000,402000,Right,1,High/Medium,184.2,80.6,2024,59,53,67,52,39,89,33,1,3,3,271923000.0
1193,Achraf ter Stegen,21,Senegal,Premier League,LW,83,96,180000000,410600,Right,3,Medium/Medium,190.2,86.9,2026,74,61,54,68,54,56,17,7,4,3,271923000.0
1194,Rodri Messi,25,Brazil,Bundesliga,CM,75,82,69635000,193300,Left,3,Medium/Medium,188.0,73.8,2027,86,80,62,59,68,57,36,4,5,4,105196000.0
1195,Robert Rodri,26,Uruguay,La Liga,CM,84,92,134414000,330000,Right,3,Medium/Low,183.9,71.1,2027,64,39,45,90,48,88,46,2,16,3,
1196,Declan Saka,23,Argentina,Serie A,CDM,71,79,76223000,197700,Left,1,High/Medium,180.5,72.9,2029,75,65,77,96,43,66,31,0,5,3,115149000.0
1197,Jude Dembele,23,Uruguay,Saudi Pro League,CDM,76,88,112264000,272800,Right,1,High/High,178.1,67.1,2025,61,52,60,63,50,58,38,2,1,3,169595000.0
1198,Bukayo Muller,26,Netherlands,Saudi Pro League,CB,71,77,170917000,369900,Left,1,Low/High,178.3,65.6,2029,69,80,77,68,69,51,37,3,9,4,
1199,Rafael Ronaldo,17,Germany,Ligue 1,LB,91,96,180000000,429300,Right,5,High/Medium,191.8,82.2,2027,56,68,54,37,30,69,8,0,0,1,271923000.0
1200,Jamal Dembele,22,Japan,Serie A,LB,79,85,180000000,402000,Right,2,High/Medium,190.6,83.8,2026,82,59,64,45,70,63,22,1,1,6,271923000.0
1201,Lautaro Son,28,Netherlands,Bundesliga,CM,63,66,22322000,86000,Right,5,Medium/Medium,177.7,82.6,2028,63,50,77,72,64,72,10,0,0,0,33721000.0
1202,Lautaro Alvarez,25,USA,Serie A,CB,87,96,180000000,419700,Right,4,Medium/High,187.5,82.5,2027,68,96,48,66,30,70,32,1,5,2,271923000.0
1203,Alisson Modric,22,Germany,Saudi Pro League,RW,66,85,65265000,169000,Right,2,Medium/Medium,179.9,80.6,2026,74,66,52,72,50,53,31,9,6,0,98595000.0
1204,Bukayo Oblak,30,Belgium,La Liga,CAM,72,76,30819000,117000,Left,1,Low/High,185.4,78.2,2028,42,39,76,56,66,58,30,1,10,1,46558000.0
1205,Trent Leao,27,Italy,Eredivisie,RB,76,81,67341000,191100,Right,3,High/Medium,184.5,79.9,2027,61,49,83,70,20,79,24,2,3,4,101731000.0
1206,Robert Alaba,21,Senegal,MLS,CB,76,88,180000000,395900,Right,2,High/Medium,187.6,79.6,2027,76,68,65,34,36,80,17,0,3,0,271923000.0
1207,Thibaut De Bruyne,25,Japan,Bundesliga,RW,76,87,180000000,395900,Right,1,High/Low,175.0,79.7,2028,69,50,51,59,27,63,32,9,5,0,271923000.0
1208,Ruben Haaland,25,Japan,La Liga,LW,63,77,43616000,124800,Right,1,Medium/Medium,181.6,72.5,2026,98,52,60,73,44,70,38,8,7,0,65890000.0
1209,Luka ter Stegen,23,England,Premier League,CAM,76,86,180000000,395900,Left,2,Medium/Medium,177.7,69.9,2027,89,77,92,89,73,55,27,2,5,3,271923000.0
1210,Jamal Coman,22,Portugal,Saudi Pro League,LB,81,96,180000000,406300,Right,3,High/Medium,183.4,79.9,2027,75,76,46,65,69,67,14,1,2,1,271923000.0
1211,David Alexander-Arnold,22,Brazil,Premier League,RB,81,96,180000000,406300,Right,3,Medium/Medium,181.5,75.9,2026,60,52,72,74,45,81,34,1,3,2,271923000.0
1212,Marquinhos Rashford,25,Germany,Saudi Pro League,GK,62,75,61850000,156300,Right,1,High/High,185.5,76.7,2024,65,80,66,58,73,88,26,0,0,2,
1213,Pedri Neuer,23,Argentina,Serie A,CB,67,74,118849000,268100,Right,1,Medium/Medium,181.6,79.0,2027,81,50,48,72,66,66,9,0,1,0,179543000.0
1214,Leroy Hernandez,28,Germany,La Liga,LW,64,66,24305000,91200,Left,1,Medium/Low,180.6,74.2,2024,70,89,60,60,77,64,13,4,4,1,
1215,Marcus Hernandez,26,Croatia,Saudi Pro League,CAM,75,82,90576000,231400,Right,1,High/Medium,178.2,72.2,2027,87,70,39,92,53,50,47,5,7,4,136831000.0
1216,Joshua Kane,19,England,Bundesliga,CM,60,76,89268000,203100,Right,1,High/Medium,193.6,86.5,2028,76,66,69,62,64,60,8,3,2,3,
1217,Trent Kane,25,Croatia,Serie A,RW,63,69,38751000,115900,Left,1,High/Low,173.0,,2026,73,55,71,64,93,67,46,11,9,8,58540000.0
1218,Julian Benzema,21,Netherlands,Serie A,CM,67,77,106210000,245100,Left,1,High/Medium,186.1,72.3,2025,95,52,45,77,49,65,5,0,3,1,160449000.0
1219,Jude Messi,25,Spain,La Liga,CDM,58,69,32362000,96700,Right,1,High/Medium,181.5,79.4,2025,57,25,72,73,53,61,38,1,4,2,48889000.0
1220,Lionel Hakimi,26,Netherlands,Ligue 1,RB,72,79,124650000,287600,Right,1,Medium/Medium,195.6,84.1,2026,93,57,55,62,52,82,45,1,6,6,188306000.0
1221,Jamal Son,21,Belgium,La Liga,ST,55,65,32116000,92100,Right,1,High/Low,185.6,78.0,2028,84,61,54,72,53,72,30,5,2,0,48517000.0
1222,Marquinhos ter Stegen,23,Spain,MLS,GK,76,89,151780000,344600,Right,1,Low/Low,189.4,88.7,2026,98,32,51,53,65,66,22,0,0,2,229291000.0
1223,Lionel Rashford,20,Netherlands,Saudi Pro League,ST,69,86,180000000,382800,Left,2,High/Low,181.5,74.8,2025,65,75,74,69,56,76,20,8,5,2,271923000.0
1224,Ruben De Bruyne,18,Argentina,La Liga,LW,67,89,180000000,379300,Right,1,High/Medium,174.8,68.9,2027,97,59,41,74,30,67,27,7,6,1,271923000.0
1225,Lautaro Sane,22,Uruguay,Bundesliga,CB,68,75,64883000,171700,Right,2,High/Medium,187.3,83.8,2027,75,81,42,61,55,86,40,6,4,3,
1226,Kylian Gonzalez,22,Netherlands,Serie A,CM,72,88,108776000,258700,Right,1,Medium/High,173.0,66.1,2026,71,51,56,62,45,58,30,2,7,6,164326000.0
1227,Heung-min Rashford,37,Japan,La Liga,RW,77,77,14480000,97000,Right,4,Medium/Medium,169.3,69.5,2027,67,81,57,58,23,71,6,1,1,0,
1228,Trent Alvarez,23,Argentina,Eredivisie,CM,83,88,180000000,410600,Right,2,Medium/Low,188.6,84.8,2026,74,54,73,48,75,42,9,0,7,0,271923000.0
1229,Thomas Saka,22,Argentina,Premier League,RW,80,96,180000000,404100,Right,1,Medium/Low,169.2,71.6,2027,63,61,63,72,45,63,33,8,4,3,271923000.0
1230,Joshua De Bruyne,25,Japan,La Liga,ST,90,96,180000000,426900,Right,4,Low/Medium,179.9,71.1,2026,69,65,63,60,61,69,8,6,0,0,271923000.0
1231,David Coman,19,Uruguay,Serie A,CDM,77,90,180000000,397900,Right,1,Medium/Medium,175.2,75.0,2025,79,61,42,74,20,64,39,1,5,3,271923000.0
1232,Jan De Bruyne,33,Uzbekistan,Serie A,RB,73,73,10375000,81700,Right,2,High/Medium,179.4,75.5,2028,60,66,61,64,63,54,26,1,3,3,15673000.0
1233,Jude Rashford,25,Spain,Serie A,ST,68,75,134718000,298700,Right,1,Medium/Medium,183.2,71.2,2026,78,31,31,74,49,59,12,2,3,0,203516000.0
1234,Heung-min Kane,27,Italy,Ligue 1,CM,69,74,72489000,187300,Right,1,Low/Medium,188.4,,2025,66,59,68,44,27,55,25,0,8,1,109508000.0
1235,Marc-Andre Martinez,20,France,Bundesliga,CB,76,96,180000000,395900,Right,3,Low/Medium,192.1,80.6,2028,80,60,74,52,45,66,12,4,1,1,271923000.0
1236,Ruben van Dijk,23,Portugal,Bundesliga,GK,64,70,25306000,93100,Right,1,High/High,179.8,74.8,2027,77,30,54,56,42,77,9,0,0,1,
1237,Florian Coman,23,Germany,Premier League,CM,74,91,180000000,392000,Right,1,Medium/Medium,179.0,74.7,2025,78,72,70,82,68,63,25,1,10,4,271923000.0
1238,Trent Dembele,28,France,La Liga,ST,72,78,44172000,141300,Right,1,High/High,203.0,93.7,2027,51,47,58,72,56,89,31,4,3,2,66730000.0
1239,Neymar De Bruyne,17,England,Premier League,LW,66,77,178478000,374900,Right,1,High/Low,177.6,71.7,2028,91,77,82,63,27,70,42,9,12,0,269623000.0
1240,Achraf Hakimi,22,Italy,La Liga,CM,64,71,74367000,182300,Left,3,Medium/Medium,176.3,70.4,2027,62,63,68,60,62,43,9,1,2,0,112345000.0
1241,Kingsley Junior,35,France,Serie A,CB,92,92,30275000,159600,Left,4,Low/Low,182.9,80.4,2025,62,52,50,74,20,71,25,0,0,1,45736000.0
1242,Bernardo Wirtz,23,Spain,Premier League,CB,61,74,34495000,105100,Left,2,Medium/High,182.9,70.5,2027,64,78,81,59,34,67,12,2,1,0,52111000.0
1243,Lionel De Bruyne,22,Senegal,La Liga,RW,71,77,110155000,259400,Right,3,Medium/High,177.9,73.2,2027,74,88,76,76,55,84,26,11,7,1,166409000.0
1244,Manuel Haaland,19,England,Premier League,CB,82,93,180000000,408400,Left,3,High/Medium,183.1,73.1,2027,74,62,59,64,43,67,22,1,0,3,271923000.0
1245,Declan Griezmann,34,Brazil,MLS,LB,76,76,19080000,103400,Right,1,High/Medium,181.9,71.8,2025,73,83,71,83,76,64,8,0,0,1,28824000.0
1246,Declan Ronaldo,18,Japan,MLS,CB,68,76,162398000,349000,Right,1,Medium/Medium,183.9,81.9,2027,76,59,71,54,58,92,8,0,1,1,245332000.0
1247,Joshua Wirtz,27,Italy,Bundesliga,CM,62,71,56799000,147100,Right,2,High/High,175.8,66.8,2024,65,77,59,65,66,42,41,3,10,0,85805000.0
1248,Harry Valverde,27,Japan,MLS,ST,73,81,93945000,233700,Left,3,Medium/High,184.4,77.0,2027,46,56,65,55,67,63,19,6,1,5,141921000.0
1249,Ousmane Gonzalez,21,France,Ligue 1,LB,52,64,37996000,98900,Right,1,High/Medium,182.8,84.0,2029,85,91,68,88,47,71,42,0,3,8,57400000.0
1250,Theo Leao,26,Uzbekistan,Serie A,CDM,73,79,75220000,199600,Right,1,Medium/High,185.2,81.7,2025,77,79,55,67,35,63,31,3,3,1,113633000.0
1251,Florian Oblak,19,England,Premier League,CM,72,79,180000000,388200,Left,3,Medium/Medium,170.9,65.0,2026,87,69,83,53,54,42,25,3,16,1,271923000.0
1252,Trent Gonzalez,21,Brazil,Ligue 1,ST,81,96,180000000,406300,Left,2,High/Medium,183.0,74.9,2026,71,25,37,55,70,72,8,1,2,2,271923000.0
1253,Kylian Messi,27,Netherlands,Bundesliga,GK,63,67,19826000,81500,Right,3,Low/High,171.4,62.7,2027,74,69,74,73,50,62,15,0,0,1,29951000.0
1254,Florian Moraes,29,Japan,Bundesliga,CDM,69,72,20730000,93200,Right,1,Medium/High,180.9,79.7,2026,60,42,47,43,65,66,23,1,1,1,31316000.0
1255,Neymar Oblak,25,England,Ligue 1,RB,75,84,45538000,149500,Right,1,Medium/High,186.3,,2027,61,67,61,64,54,83,23,1,0,2,68793000.0
1256,Thibaut Sane,24,Croatia,Serie A,RW,74,81,180000000,392000,Right,1,Medium/Low,185.2,81.0,2028,68,82,42,55,27,71,31,4,6,2,271923000.0
1257,Pedri Gonzalez,20,Uzbekistan,Bundesliga,CDM,61,75,38418000,112200,Right,1,High/Medium,184.2,80.6,2027,86,73,46,64,28,60,44,2,2,1,58037000.0
1258,Kingsley Rodri,19,Uruguay,MLS,CB,67,88,180000000,379300,Right,1,Medium/Low,190.1,79.0,2027,72,75,63,68,83,72,46,3,5,7,271923000.0
1259,Cristiano Alexander-Arnold,19,Spain,La Liga,CM,83,96,180000000,410600,Left,3,High/High,180.1,67.9,2026,74,56,66,65,33,62,32,0,3,2,271923000.0
1260,Julian Fernandes,21,Netherlands,Bundesliga,CAM,74,94,114895000,273700,Right,3,High/Medium,174.6,71.6,2028,77,37,79,63,43,64,9,0,1,0,173570000.0
1261,Heung-min Lewandowski,22,Senegal,Serie A,GK,59,76,28936000,92000,Right,2,Low/High,203.0,98.4,2025,73,49,59,69,71,77,29,0,0,3,43713000.0
1262,Thomas Kane,22,Spain,Bundesliga,RW,79,89,180000000,402000,Right,2,Medium/Medium,183.8,83.5,2025,86,56,73,89,33,60,7,3,0,1,271923000.0
1263,Neymar Kane,22,Japan,Ligue 1,CB,59,70,19648000,75100,Right,1,High/Medium,176.6,70.4,2026,63,61,64,83,42,74,30,3,3,5,29682000.0
1264,Rafael Courtois,21,France,Premier League,CM,70,82,174118000,373900,Right,3,Medium/Medium,170.7,65.2,2027,75,82,73,62,51,65,14,2,3,0,263037000.0
1265,Mohamed Haaland,24,Portugal,Bundesliga,RB,77,88,98849000,250400,Right,1,Low/Medium,179.0,72.1,2028,78,73,49,76,48,61,28,0,3,4,149329000.0
1266,Manuel Bellingham,28,France,Premier League,CAM,82,86,93170000,250600,Right,3,High/Medium,188.3,83.7,2025,48,96,66,75,37,61,33,8,3,0,140750000.0
1267,Thomas van Dijk,21,Netherlands,Bundesliga,RB,53,74,29092000,84000,Right,1,High/High,182.3,74.6,2027,77,45,70,62,51,60,11,1,1,0,
1268,Antoine Martinez,32,Senegal,Serie A,RW,78,79,26333000,120600,Right,1,Medium/Medium,163.0,60.4,2027,84,80,58,66,67,69,27,17,5,3,39781000.0
1269,Achraf Junior,29,Argentina,Ligue 1,CAM,79,83,101587000,259500,Left,3,High/Medium,177.7,75.1,2026,64,76,70,73,52,64,31,2,8,0,153466000.0
1270,Trent Benzema,20,France,Premier League,CM,68,85,78622000,196700,Left,1,High/Low,182.0,73.0,2027,60,60,71,57,43,84,46,6,16,6,
1271,Ousmane Alexander-Arnold,27,Netherlands,Bundesliga,LW,73,79,67051000,184800,Right,1,Medium/High,162.0,64.2,2025,76,46,57,63,72,57,13,1,2,0,101293000.0
1272,Theo van Dijk,24,England,La Liga,CAM,52,66,24302000,74000,Right,2,High/Low,177.8,74.5,2025,74,52,75,64,85,74,7,4,3,0,36713000.0
1273,Bruno Becker,24,Belgium,Saudi Pro League,GK,52,63,13244000,53900,Right,1,Medium/Medium,181.1,67.5,2028,91,51,32,63,72,81,17,0,0,0,
1274,Jamal Griezmann,23,France,MLS,RB,81,86,180000000,406300,Left,3,Medium/Medium,170.1,64.2,2026,78,89,38,62,34,88,10,1,0,0,271923000.0
1275,Julian Wirtz,24,England,Eredivisie,ST,68,74,82121000,203100,Right,1,Medium/High,192.4,75.4,2025,59,75,50,72,35,58,42,12,4,5,124059000.0
1276,Trent Gonzalez,23,Spain,Ligue 1,CB,69,85,180000000,382800,Left,2,Medium/Medium,180.9,73.8,2027,60,75,68,67,62,80,25,1,3,5,
1277,Pedri Dembele,24,Senegal,Ligue 1,CAM,74,85,116805000,277100,Right,1,Medium/Medium,174.5,67.6,2028,83,63,54,75,58,70,23,2,4,1,176455000.0
1278,Antoine Alexander-Arnold,25,Croatia,Premier League,ST,69,82,46370000,139800,Left,5,High/Medium,177.6,75.1,2027,76,58,46,96,32,80,29,10,3,2,70050000.0
1279,Gianluigi Coman,26,Italy,La Liga,GK,68,72,38129000,123100,Left,1,High/Low,185.4,74.7,2026,70,67,63,60,60,60,43,0,0,6,57601000.0
1280,Marcus Valverde,24,Portugal,Serie A,CAM,75,82,157638000,353300,Left,2,Medium/Medium,188.7,82.8,2026,74,63,66,69,56,66,8,2,0,1,238141000.0
1281,Marc-Andre Son,26,Spain,Ligue 1,CDM,60,65,13594000,65500,Right,1,High/Medium,174.2,71.3,2027,76,60,56,73,81,63,26,0,1,3,20536000.0
1282,Lautaro Paez,20,Spain,MLS,CM,81,96,180000000,406300,Right,2,High/Low,180.0,74.9,2024,79,67,48,81,47,62,9,1,1,0,
1283,Bernardo van Dijk,21,Netherlands,Premier League,GK,70,81,140001000,311900,Right,1,Low/Medium,187.0,84.5,2025,54,44,65,72,79,68,5,0,0,2,
1284,Jude Courtois,28,Japan,MLS,GK,64,67,18368000,80400,Right,1,Low/Medium,178.7,80.7,2026,85,66,76,52,80,95,21,0,0,0,27748000.0
1285,Bernardo Gonzalez,22,Japan,Bundesliga,CM,63,77,74948000,181700,Right,1,High/High,179.9,74.2,2027,90,60,48,58,42,76,13,3,2,2,113223000.0
1286,Karim Salah,18,Argentina,Bundesliga,LW,72,89,180000000,388200,Right,2,High/Medium,182.3,77.4,2026,98,50,87,68,61,63,13,0,5,4,271923000.0
1287,Joshua Saka,20,Germany,Premier League,LW,70,81,177764000,380500,Right,1,Medium/Medium,173.7,65.6,2025,95,72,57,58,51,64,28,6,10,3,268545000.0
1288,Kingsley Hernandez,21,Belgium,Premier League,CM,60,73,28238000,92200,Right,2,Medium/Low,179.8,69.8,2024,92,90,56,47,50,74,14,3,6,2,42659000.0
1289,David Rashford,33,Argentina,Serie A,GK,67,67,8286000,67100,Right,1,High/Medium,184.8,82.1,2024,62,82,66,56,59,65,24,0,0,3,12518000.0
1290,Kevin Alexander-Arnold,24,Senegal,Bundesliga,CAM,66,72,67667000,173400,Right,1,High/High,177.7,75.4,2025,76,57,66,56,40,65,21,6,6,0,102223000.0
1291,Jude Son,31,Netherlands,Premier League,CB,82,83,25941000,128300,Left,3,Medium/Medium,187.0,75.4,2026,82,72,33,53,26,54,17,0,0,1,39189000.0
1292,Federico van Dijk,24,Senegal,Serie A,RW,73,81,141056000,319300,Right,2,Low/High,180.9,69.5,2026,48,75,63,96,45,67,33,9,6,6,213091000.0
1293,Julian Rashford,23,Uruguay,Saudi Pro League,LW,85,96,180000000,415100,Right,2,Medium/Medium,190.4,79.8,2026,70,63,73,71,76,37,40,14,13,7,271923000.0
1294,Ruben ter Stegen,22,Portugal,Ligue 1,CAM,66,83,88287000,210900,Right,1,High/Medium,162.0,59.4,2026,51,61,79,68,51,46,27,3,4,2,133373000.0
1295,Alisson Becker,25,USA,MLS,ST,70,77,54990000,157300,Left,1,Medium/Medium,180.9,73.0,2025,75,67,63,78,54,63,31,7,9,6,
1296,Gavi Musiala,20,Belgium,La Liga,GK,75,86,180000000,394000,Right,1,Medium/Low,176.3,71.5,2026,91,96,60,90,69,75,22,0,0,2,271923000.0
1297,Kevin Alexander-Arnold,30,Belgium,La Liga,CAM,77,81,88033000,230700,Right,1,High/Medium,177.0,74.9,2025,68,66,75,72,26,87,22,1,5,2,132990000.0
1298,Julian Sane,28,Uzbekistan,Bundesliga,LB,78,86,81291000,220500,Right,1,High/Medium,187.7,82.3,2025,62,41,90,80,62,72,13,1,2,2,122805000.0
1299,Ederson Bellingham,22,Netherlands,La Liga,RW,65,80,123357000,273000,Right,1,High/High,186.1,81.2,2025,77,45,66,60,85,74,7,2,0,2,186353000.0
1300,Bruno Gonzalez,32,Brazil,Premier League,LB,65,66,6799000,61000,Right,1,Medium/Medium,190.1,71.8,2029,71,59,62,55,56,69,11,1,2,0,
1301,Karim Junior,28,Spain,La Liga,CAM,69,75,30676000,111300,Left,3,Medium/Low,188.7,74.3,2026,75,42,82,78,20,78,19,1,4,0,46342000.0
1302,Thibaut Fernandes,26,Croatia,La Liga,RW,84,94,180000000,412900,Left,2,Medium/High,178.9,69.9,2028,55,59,49,78,53,70,34,10,4,5,271923000.0
1303,Virgil Salah,20,Italy,La Liga,GK,64,77,85476000,202500,Right,1,Medium/Medium,196.0,,2026,78,96,65,77,65,72,13,0,0,0,129127000.0
1304,Jan Paez,23,Brazil,La Liga,RB,68,78,118596000,269400,Right,1,Low/Medium,192.4,88.1,2026,75,53,95,68,57,49,45,5,2,3,179161000.0
1305,Marquinhos Neuer,24,Japan,La Liga,CAM,78,84,180000000,400000,Right,1,Medium/High,180.0,70.5,2027,84,44,71,56,59,71,31,2,5,4,
1306,Karim Kimmich,21,Netherlands,Premier League,CDM,77,95,180000000,397900,Right,2,High/High,189.7,84.9,2024,73,58,75,60,62,68,40,4,5,5,271923000.0
1307,Cristiano De Bruyne,19,USA,Bundesliga,LB,76,96,180000000,395900,Right,1,High/High,182.3,72.6,2025,98,60,60,82,38,63,22,0,3,3,271923000.0
1308,Thomas Dias,27,USA,Serie A,CB,73,80,39630000,134900,Right,1,Medium/Low,194.8,81.1,2029,71,46,73,59,40,63,35,0,8,0,59868000.0
1309,Virgil Hernandez,20,Brazil,Bundesliga,CB,63,75,64932000,163500,Left,1,High/Medium,183.5,72.1,2026,68,42,82,69,48,51,21,0,3,2,98092000.0
1310,Robert ter Stegen,25,USA,Premier League,RW,66,71,34913000,113800,Left,1,Low/Medium,175.2,78.3,2024,58,83,43,56,62,74,10,0,0,0,52742000.0
1311,Lionel Alvarez,32,Italy,La Liga,CM,81,81,34450000,141600,Right,3,High/Medium,174.7,66.6,2024,59,70,63,64,33,70,43,3,8,3,
1312,Marcus Salah,29,Netherlands,Bundesliga,GK,78,81,84224000,225800,Right,2,High/High,186.0,81.7,2028,58,54,69,52,92,68,29,0,0,2,127236000.0
1313,Antoine ter Stegen,21,Japan,Serie A,RB,61,76,56399000,144900,Right,1,Medium/Medium,182.5,69.7,2028,72,43,64,66,20,70,46,2,4,2,85201000.0
1314,Erling van Dijk,29,Netherlands,Serie A,RB,79,85,98356000,253600,Right,1,Medium/High,175.9,75.8,2026,90,53,58,60,24,53,46,3,3,1,
1315,Luka Musiala,17,Belgium,La Liga,CB,82,91,180000000,408400,Right,2,Medium/High,183.5,78.2,2025,58,42,84,44,64,89,42,3,5,5,271923000.0
1316,Bernardo Alaba,17,Brazil,MLS,CDM,72,80,180000000,388200,Right,1,Medium/Low,178.6,73.8,2027,59,52,67,75,63,79,42,0,2,4,
1317,Ruben Kimmich,25,England,La Liga,LB,75,85,170308000,376300,Left,1,High/High,175.0,71.3,2026,68,95,55,74,53,75,35,7,6,3,
1318,Neymar Kane,22,Senegal,Serie A,RB,80,89,180000000,404100,Left,1,High/Medium,188.7,83.4,2026,55,65,78,67,67,85,33,2,3,0,271923000.0
1319,Bernardo Becker,22,USA,Bundesliga,CAM,66,84,51918000,144700,Right,2,Low/Medium,188.9,84.8,2027,60,52,84,52,65,70,44,8,16,6,78432000.0
1320,Kylian ter Stegen,24,France,Serie A,CB,91,96,180000000,429300,Right,4,High/High,193.4,82.6,2026,76,72,80,52,55,64,13,1,3,0,
1321,Pedri Muller,20,Netherlands,La Liga,CM,82,93,180000000,408400,Right,2,High/Medium,181.5,72.5,2027,74,47,59,96,59,71,5,1,0,0,271923000.0
1322,Rodri Muller,21,Brazil,La Liga,CM,76,86,121998000,290500,Right,1,Medium/Medium,181.9,75.6,2028,80,55,59,32,20,86,20,3,5,1,184300000.0
1323,Robert Courtois,23,Germany,Ligue 1,CM,72,78,97341000,238000,Right,2,High/Medium,175.1,72.4,2027,80,32,50,52,52,57,42,3,3,5,147051000.0
1324,Ruben Messi,27,Portugal,La Liga,CM,76,83,159412000,358500,Right,4,Medium/High,184.7,77.5,2026,87,82,68,94,54,86,27,4,6,4,
1325,Kylian Paez,25,Germany,Premier League,CM,60,65,22949000,82500,Right,1,Medium/High,183.1,79.6,2025,76,58,80,96,89,51,12,0,1,6,34669000.0
1326,Joshua Son,22,Brazil,La Liga,RW,89,96,180000000,424500,Right,4,Medium/Low,195.6,90.1,2025,89,48,72,89,40,74,16,1,1,0,271923000.0
1327,Florian Donnarumma,23,USA,Ligue 1,CM,81,91,180000000,406300,Left,2,Medium/Medium,189.1,80.6,2026,74,72,89,73,54,80,14,5,7,1,271923000.0
1328,Luka Alaba,20,Spain,Premier League,CM,84,90,180000000,412900,Right,2,High/High,184.0,70.1,2026,80,45,37,58,80,75,20,3,2,1,271923000.0
1329,Manuel Wirtz,19,USA,Eredivisie,LW,72,79,132293000,301500,Right,2,Medium/Low,178.3,70.6,2026,80,46,66,45,65,80,47,9,9,8,
1330,Manuel Martinez,27,Spain,Serie A,CM,69,76,87338000,214300,Right,1,High/High,188.5,88.4,2025,73,55,76,72,55,66,28,3,5,1,131940000.0
1331,Declan Martinez,21,Japan,Eredivisie,LB,67,83,75316000,189000,Right,1,High/High,176.0,71.9,2025,76,42,56,57,72,52,43,1,1,6,113778000.0
1332,Vinicius Dias,20,Japan,MLS,CB,79,96,180000000,402000,Right,1,Medium/High,191.9,81.1,2026,98,51,49,85,40,80,12,1,0,0,
1333,Achraf Alexander-Arnold,26,Brazil,Serie A,CB,68,73,55383000,154500,Left,1,High/Medium,178.2,73.4,2026,79,58,48,42,86,90,15,1,0,2,83666000.0
1334,Bernardo Valverde,25,Belgium,Premier League,RW,71,76,64136000,175700,Left,1,Medium/High,173.9,71.4,2026,65,60,66,69,66,66,45,12,11,6,96889000.0
1335,Bruno Courtois,25,Japan,Premier League,CAM,76,80,180000000,395900,Right,1,Medium/Medium,168.2,62.3,2026,98,40,47,79,25,76,30,2,6,7,271923000.0
1336,Gavi Rice,21,Belgium,Premier League,ST,67,79,56243000,154300,Right,1,Medium/Low,186.0,84.0,2027,69,58,85,80,44,58,11,1,3,0,84965000.0
1337,Kingsley Messi,21,Japan,Bundesliga,CM,80,95,180000000,404100,Right,2,Medium/High,183.6,78.9,2027,74,71,72,77,20,57,19,0,2,0,271923000.0
1338,Kylian Rashford,21,USA,La Liga,CDM,72,91,180000000,388200,Right,2,High/Medium,178.4,68.4,2026,63,73,62,71,69,69,19,1,2,2,271923000.0
1339,Julian Bellingham,20,Netherlands,La Liga,GK,60,78,83914000,193400,Left,2,High/Medium,180.4,77.5,2025,84,54,63,68,65,59,7,0,0,1,126767000.0
1340,Jude Junior,25,Italy,La Liga,CM,67,73,74521000,187500,Right,2,High/Medium,191.0,81.4,2026,93,58,80,78,46,69,20,4,3,3,112577000.0
1341,Jamal Rashford,29,France,MLS,CM,82,86,177053000,403100,Right,3,High/Low,181.1,74.1,2026,49,58,83,71,76,95,19,2,6,2,267471000.0
1342,Robert Donnarumma,26,Senegal,Premier League,ST,65,76,42359000,125700,Right,2,High/Medium,177.0,67.6,2025,67,39,51,71,53,59,29,5,6,2,63991000.0
1343,Jude Griezmann,28,USA,Premier League,CB,79,83,53497000,172000,Right,2,High/High,198.1,92.4,2029,83,53,54,67,93,72,37,1,1,6,80817000.0
1344,Joshua Lewandowski,23,Uzbekistan,Premier League,CDM,73,84,153249000,341500,Left,2,Medium/Medium,177.7,71.4,2026,59,74,59,61,33,46,18,0,0,1,231510000.0
1345,Joshua van Dijk,25,Senegal,Saudi Pro League,CM,71,84,92165000,226700,Right,1,Medium/High,189.4,84.7,2027,78,74,56,49,66,74,28,6,8,3,139232000.0
1346,Heung-min Lewandowski,22,Netherlands,Bundesliga,CM,92,96,180000000,431800,Left,4,Medium/Medium,174.5,67.4,2026,56,68,39,51,47,59,15,4,3,3,
1347,Joshua Muller,24,Uzbekistan,La Liga,CM,62,75,29920000,98300,Right,2,Medium/High,179.7,71.0,2025,77,25,53,62,42,71,7,0,0,0,
1348,Trent Courtois,23,Germany,Premier League,CAM,66,74,44512000,131300,Left,1,Medium/High,183.5,73.8,2024,73,49,55,65,51,71,13,1,1,1,67243000.0
1349,Achraf Kimmich,20,Uruguay,La Liga,CB,72,85,131082000,299300,Right,1,Medium/Medium,186.9,81.3,2027,98,69,48,54,61,69,10,0,0,1,198023000.0
1350,Marcus Benzema,22,France,Premier League,CAM,91,96,180000000,429300,Right,5,Medium/High,179.6,70.9,2025,83,89,71,53,56,56,35,2,12,1,271923000.0
1351,Florian Valverde,33,Germany,MLS,CM,72,72,11309000,81500,Left,1,High/Medium,178.5,71.9,2025,37,61,63,62,67,64,20,2,5,1,17084000.0
1352,Pedri Muller,21,Japan,Ligue 1,RW,74,81,135043000,310300,Right,4,Medium/High,168.0,62.6,2029,73,63,73,78,65,70,15,6,3,2,204007000.0
1353,Marc-Andre Sane,20,Belgium,Serie A,LW,69,89,91101000,221200,Right,1,Medium/Low,189.6,83.9,2026,85,60,51,39,81,65,21,4,4,6,137625000.0
1354,Pedri Rodri,23,Japan,Saudi Pro League,LB,75,90,180000000,394000,Right,1,High/High,178.9,66.3,2024,67,41,73,54,33,84,7,0,0,1,271923000.0
1355,Theo Modric,28,Brazil,Premier League,LB,70,75,47921000,144400,Right,1,High/Low,183.9,78.1,2026,63,67,67,69,26,68,23,2,0,3,72393000.0
1356,Bruno De Bruyne,25,Italy,Bundesliga,ST,78,83,170329000,382400,Right,2,High/Medium,186.6,86.6,2026,66,37,57,83,53,56,28,3,6,3,
1357,David Son,26,Japan,Saudi Pro League,CDM,78,81,180000000,400000,Left,1,Medium/Medium,184.0,82.2,2026,77,60,87,95,40,73,46,1,5,5,
1358,Cristiano Junior,20,Croatia,La Liga,RW,70,89,173787000,373300,Right,1,Medium/High,176.0,68.3,2024,58,63,66,62,70,38,12,1,2,3,262537000.0
1359,Leroy ter Stegen,25,Germany,Ligue 1,CB,63,73,37689000,114000,Right,2,High/Medium,193.8,87.9,2026,64,62,57,62,35,91,40,1,3,1,56936000.0
1360,Kevin Leao,22,Belgium,La Liga,CM,73,88,161991000,357400,Left,1,High/Medium,185.3,79.5,2025,87,41,68,65,45,47,44,6,10,4,244717000.0
1361,Lionel Silva,28,Croatia,La Liga,LW,83,87,140860000,339500,Right,2,Low/Medium,180.1,79.7,2027,63,50,51,69,49,78,6,0,1,1,212795000.0
1362,Jamal Bellingham,25,Italy,Premier League,ST,65,74,67211000,170900,Left,1,High/Medium,183.1,66.3,2027,64,73,62,66,86,76,27,7,4,5,101534000.0
1363,Federico Kane,20,Netherlands,La Liga,LB,75,94,180000000,394000,Left,2,High/Medium,192.9,89.8,2024,57,63,93,68,92,54,44,3,6,6,271923000.0
1364,Antoine Alvarez,19,Brazil,Bundesliga,CAM,62,77,35990000,109300,Right,1,High/Medium,175.5,69.2,2025,84,50,40,49,34,74,34,1,7,4,54369000.0
1365,Harry Paez,18,Portugal,MLS,CDM,64,83,90874000,212300,Right,1,Medium/High,184.7,74.7,2026,81,44,57,45,20,59,29,1,3,2,137282000.0
1366,Florian Hakimi,22,Spain,Bundesliga,GK,82,96,180000000,408400,Right,2,Medium/High,180.8,71.5,2026,86,74,62,76,44,66,11,0,0,1,271923000.0
1367,Gianluigi Alexander-Arnold,21,Argentina,Saudi Pro League,CAM,78,87,180000000,400000,Right,1,Medium/Medium,168.1,60.0,2025,72,62,59,64,54,73,32,2,9,4,271923000.0
1368,Lionel Martinez,25,Italy,Ligue 1,CAM,75,79,89981000,230300,Left,1,Low/High,164.2,59.5,2025,75,43,57,77,54,67,45,5,9,5,135933000.0
1369,Marc-Andre Modric,24,Croatia,Premier League,ST,53,63,8649000,46800,Right,1,Medium/High,175.4,66.2,2029,76,58,88,69,53,55,21,7,4,4,13066000.0
1370,Joshua Fernandes,21,Portugal,Serie A,CDM,68,74,108573000,251200,Right,1,High/High,177.7,72.7,2024,55,49,57,48,69,72,36,0,3,2,164019000.0
1371,Kevin Musiala,20,Portugal,Premier League,CB,77,96,180000000,397900,Right,1,Medium/High,201.2,95.2,2029,98,66,70,87,47,65,5,1,0,0,
1372,Kevin Donnarumma,20,Italy,Bundesliga,GK,60,78,52225000,135800,Left,2,High/Medium,192.2,83.1,2024,87,82,56,67,58,66,31,0,0,4,
1373,Kylian Dembele,29,Senegal,MLS,RB,69,75,82214000,205000,Right,2,Medium/Medium,187.1,86.1,2025,69,44,70,57,66,67,40,1,3,5,
1374,Trent Dias,21,Portugal,Premier League,LB,78,93,180000000,400000,Right,1,High/Low,177.9,70.1,2026,71,64,78,60,58,51,11,0,2,2,
1375,Neymar Junior,25,Germany,Bundesliga,CAM,60,64,28421000,92500,Right,2,Medium/Medium,180.6,73.2,2025,88,64,63,51,67,54,7,1,1,1,42935000.0
1376,Bernardo Fernandes,28,Portugal,Bundesliga,RB,59,63,16167000,68700,Left,1,High/Low,197.0,86.3,2025,70,27,56,71,24,60,34,1,1,0,24423000.0
1377,Federico Saka,25,Japan,Serie A,ST,60,72,56905000,144300,Right,4,Medium/Medium,174.1,71.3,2025,83,75,63,65,57,72,5,3,3,1,85965000.0
1378,Karim Rodri,29,Uzbekistan,La Liga,ST,75,77,49654000,157000,Right,1,High/Low,185.0,80.9,2029,61,95,72,93,59,56,38,16,5,4,75011000.0
1379,Lionel ter Stegen,23,Belgium,La Liga,CM,68,82,69548000,180200,Right,1,Medium/Medium,192.5,86.7,2026,61,64,77,73,52,82,42,4,11,4,105065000.0
1380,Pedri Haaland,33,France,Premier League,ST,79,79,33428000,135600,Right,1,High/Medium,188.3,80.3,2026,63,83,68,92,44,70,47,21,6,4,50499000.0
1381,Lionel Moraes,20,Germany,Premier League,CAM,73,85,180000000,390100,Right,1,Low/Medium,188.9,75.6,2027,75,41,63,54,63,72,40,6,8,6,271923000.0
1382,Jamal Hakimi,19,Portugal,Premier League,CM,87,96,180000000,419700,Left,4,Medium/High,183.4,75.4,2027,81,50,82,62,57,64,37,5,13,2,271923000.0
1383,Joshua Musiala,25,USA,Serie A,CB,62,71,43463000,122900,Right,1,High/High,188.5,87.3,2027,90,63,56,78,54,48,47,1,2,3,65659000.0
1384,Robert Becker,32,Netherlands,Premier League,CDM,75,76,15884000,95600,Right,1,Low/Low,182.7,80.2,2026,81,48,59,74,49,74,20,0,2,2,23996000.0
1385,Heung-min Hakimi,28,USA,Saudi Pro League,CM,66,69,26099000,97800,Right,1,High/Low,185.5,79.7,2025,86,62,90,66,49,59,42,5,11,6,39427000.0
1386,Kylian Gonzalez,19,Spain,Serie A,RW,77,96,180000000,397900,Right,1,Medium/Medium,173.1,66.9,2025,66,78,63,53,41,50,15,3,2,2,271923000.0
1387,Lionel Alaba,21,Brazil,Bundesliga,CDM,73,88,180000000,390100,Left,1,Medium/Low,187.2,79.8,2025,70,47,74,38,46,57,12,1,1,2,271923000.0
1388,Kevin Coman,31,Croatia,La Liga,RW,64,67,5610000,57300,Right,1,High/Low,179.6,72.1,2025,79,78,52,64,38,67,5,1,0,1,8475000.0
1389,Leroy Fernandes,21,Portugal,Serie A,CM,71,78,158482000,347300,Right,2,Low/Medium,182.4,80.6,2024,90,31,79,64,48,39,18,2,5,1,239416000.0
1390,Marc-Andre Dembele,27,England,MLS,CB,73,76,101296000,247000,Right,2,High/Medium,196.8,84.4,2028,79,52,48,68,61,63,34,1,3,4,153026000.0
1391,Bukayo Dias,28,Japan,Premier League,ST,67,74,38908000,122800,Right,1,High/Medium,180.3,77.7,2028,62,58,47,48,69,80,25,6,2,2,58778000.0
1392,Federico Saka,24,Spain,La Liga,CDM,78,92,180000000,400000,Right,1,Medium/Medium,189.9,79.9,2024,58,47,77,55,54,68,25,0,6,3,271923000.0
1393,Cristiano Bellingham,22,Netherlands,Ligue 1,RB,64,75,56254000,149300,Right,3,Medium/High,190.5,88.5,2025,76,53,59,72,53,82,38,1,2,3,84982000.0
1394,Ruben Donnarumma,23,Japan,Premier League,CM,89,96,180000000,424500,Right,3,High/Medium,187.6,82.0,2025,61,84,61,74,57,63,42,4,14,4,271923000.0
1395,Rafael Donnarumma,21,Belgium,Premier League,GK,80,96,180000000,404100,Right,1,High/Medium,179.4,70.5,2025,80,81,71,69,72,81,30,0,0,2,271923000.0
1396,Rafael Silva,30,Portugal,La Liga,CM,75,76,17773000,99000,Right,2,Medium/Medium,184.3,76.2,2025,84,73,60,62,50,51,45,8,6,4,26849000.0
1397,Leroy Rice,23,Croatia,Premier League,CDM,94,96,180000000,436900,Right,5,High/Low,194.7,89.7,2028,75,78,50,51,63,75,18,2,0,1,271923000.0
1398,Harry Hakimi,30,Belgium,Serie A,RB,70,74,34126000,119400,Left,1,Low/Medium,170.2,,2024,51,52,57,79,61,66,44,1,3,5,51553000.0
1399,Virgil Leao,19,Portugal,Premier League,ST,77,91,180000000,397900,Right,1,Medium/High,180.8,74.6,2025,69,42,51,76,43,84,39,9,5,1,271923000.0
1400,Ousmane Rice,36,Argentina,Saudi Pro League,CDM,74,74,25884000,111800,Left,1,High/Medium,189.6,79.7,2024,75,49,81,59,67,63,46,0,7,6,39102000.0
1401,Leroy Neuer,23,France,Ligue 1,CB,78,93,136308000,320500,Right,5,High/Medium,183.8,84.2,2029,79,51,81,77,20,55,22,1,4,0,
1402,Marcus De Bruyne,18,Belgium,Bundesliga,CDM,84,96,180000000,412900,Right,3,Medium/High,187.3,88.1,2028,83,52,53,66,74,74,24,2,4,4,271923000.0
1403,Thomas Haaland,18,France,Bundesliga,RW,76,83,180000000,395900,Right,4,High/Medium,189.7,88.4,2027,98,70,71,58,33,87,13,6,1,0,271923000.0
1404,Neymar Fernandes,27,Spain,Saudi Pro League,CB,80,90,70716000,205400,Right,1,Medium/Medium,188.0,80.1,2026,74,67,61,79,52,70,45,2,6,2,106829000.0
1405,Neymar Fernandes,25,Uruguay,Premier League,CB,68,78,170825000,364400,Right,1,Low/Low,190.0,80.6,2025,75,59,85,68,69,67,37,0,5,5,258062000.0
1406,Rodri Griezmann,28,Argentina,Saudi Pro League,GK,70,77,27804000,107900,Left,1,Medium/Medium,187.7,,2025,80,60,95,61,47,53,8,0,0,0,42003000.0
1407,Kevin Hakimi,19,Brazil,Ligue 1,GK,85,96,180000000,415100,Right,2,Medium/High,188.1,87.2,2026,60,79,75,50,59,79,8,0,0,1,271923000.0
1408,Luka Ronaldo,18,Senegal,Bundesliga,LW,77,85,180000000,397900,Right,1,High/Medium,192.1,,2027,70,41,57,51,70,67,20,0,3,4,
1409,Pedri Oblak,24,Germany,Serie A,CAM,74,80,158202000,352400,Right,1,Medium/Low,180.5,78.1,2025,62,74,48,78,88,76,30,2,6,8,238993000.0
1410,Ederson Bellingham,22,France,Premier League,RB,66,75,60284000,160000,Right,3,Medium/Medium,179.7,72.7,2026,82,28,68,72,54,70,10,0,0,1,91070000.0
1411,David Dembele,23,Argentina,La Liga,CAM,80,89,180000000,404100,Right,5,Medium/Medium,187.2,72.5,2026,60,52,62,51,58,92,41,5,9,3,271923000.0
1412,Declan Musiala,36,Uruguay,Ligue 1,RB,66,66,9842000,68200,Right,1,High/High,176.5,65.3,2025,71,86,44,51,55,61,26,0,3,2,14868000.0
1413,Vinicius Rashford,34,Croatia,Premier League,ST,63,63,5422000,55300,Left,1,Medium/Low,178.0,72.5,2026,62,66,66,94,51,61,46,22,12,4,8191000.0
1414,Robert Haaland,32,France,Ligue 1,ST,73,74,24137000,106700,Left,2,High/Medium,178.0,70.3,2026,61,54,94,73,30,80,43,13,13,2,36463000.0
1415,Marquinhos Haaland,27,Uzbekistan,Premier League,RB,53,57,9156000,47700,Right,1,Medium/Medium,180.3,71.6,2024,81,76,76,82,34,80,11,1,0,0,13832000.0
1416,Antoine Mbappe,22,USA,Premier League,RW,77,87,180000000,397900,Right,1,Medium/Medium,175.7,71.7,2026,56,71,48,86,54,80,46,17,6,4,271923000.0
1417,Jamal Mbappe,23,Uzbekistan,Premier League,CAM,75,87,180000000,394000,Left,3,Medium/Low,185.2,82.4,2028,66,70,64,54,61,67,34,4,8,0,271923000.0
1418,Harry Sane,24,Senegal,Premier League,LB,69,78,98933000,235400,Left,1,High/Medium,179.8,71.0,2025,98,58,70,89,77,70,14,1,2,1,149456000.0
1419,Jamal Hernandez,28,Senegal,Serie A,CB,70,73,30013000,111900,Right,1,Medium/Low,191.5,77.9,2026,93,77,71,52,51,51,19,2,2,0,45340000.0
1420,Federico De Bruyne,19,Italy,Premier League,CDM,71,89,135725000,305900,Left,1,High/Medium,187.6,77.4,2024,52,51,42,76,82,66,10,0,1,0,205037000.0
1421,Bruno Muller,23,Netherlands,Eredivisie,LW,66,71,71023000,179500,Right,1,Medium/High,176.1,66.8,2027,66,50,63,65,33,71,28,8,4,2,107293000.0
1422,Alisson Alvarez,19,Brazil,Serie A,ST,73,86,82273000,212400,Left,1,High/Medium,187.5,82.7,2027,76,91,68,76,58,71,6,1,1,0,124288000.0
1423,Federico Modric,24,USA,Premier League,CAM,70,82,77642000,198500,Right,2,High/Medium,184.2,77.3,2026,53,54,62,64,50,58,44,2,10,2,117292000.0
1424,Lionel De Bruyne,30,Netherlands,Bundesliga,RW,73,74,27303000,112500,Right,4,High/Medium,166.8,69.7,2025,94,29,37,74,31,54,19,5,1,0,41246000.0
1425,Gianluigi Gonzalez,27,Croatia,Saudi Pro League,CM,71,78,60125000,168400,Left,1,Medium/Medium,183.9,80.1,2029,70,78,62,84,24,80,25,1,6,2,
1426,Heung-min Rodri,21,Portugal,Bundesliga,LW,69,80,74959000,191800,Right,1,Medium/Medium,176.8,78.1,2027,71,83,75,81,47,78,22,6,4,0,113239000.0
1427,Rafael Saka,34,France,Premier League,LW,74,74,12800000,88000,Right,1,Medium/Medium,188.4,74.9,2026,70,58,56,66,48,65,9,4,4,1,19337000.0
1428,Heung-min ter Stegen,26,Portugal,Saudi Pro League,RB,78,83,180000000,400000,Right,3,Medium/High,178.6,60.3,2026,75,28,58,54,39,80,29,1,5,0,271923000.0
1429,Harry Benzema,17,Uzbekistan,Ligue 1,CM,68,95,180000000,381000,Left,4,Medium/Medium,173.3,69.4,2025,65,61,84,63,68,79,40,4,10,5,271923000.0
1430,Heung-min Alvarez,21,England,Premier League,LW,75,89,180000000,394000,Left,2,High/Low,178.2,72.9,2027,91,95,62,72,47,47,14,3,8,0,271923000.0
1431,David Coman,21,France,Premier League,GK,76,96,180000000,395900,Right,1,Medium/Medium,179.8,73.2,2026,76,65,66,75,37,66,27,0,0,2,271923000.0
1432,Ederson Fernandes,19,Argentina,Serie A,LW,62,78,74341000,179000,Right,4,Medium/Medium,185.7,79.0,2026,92,74,38,80,50,84,28,11,4,1,112306000.0
1433,Heung-min van Dijk,33,Brazil,Premier League,CB,80,80,27941000,127700,Left,1,High/Medium,181.6,70.7,2024,58,75,50,57,43,48,14,2,1,1,42210000.0
1434,Lionel Lewandowski,23,Portugal,Ligue 1,CDM,88,96,180000000,422100,Right,5,High/Medium,181.9,77.7,2026,49,77,95,54,84,50,10,1,2,1,271923000.0
1435,Theo Rice,30,Uzbekistan,La Liga,LW,71,73,27397000,108900,Right,1,High/High,190.4,85.9,2027,86,91,88,53,49,75,17,12,4,2,41388000.0
1436,David Alvarez,22,France,MLS,CB,71,80,161174000,352200,Right,1,High/Medium,194.5,80.8,2028,83,79,71,64,38,83,25,1,2,1,243482000.0
1437,Gavi Kane,20,England,Serie A,CB,70,82,92418000,225300,Right,2,High/Low,189.2,80.1,2025,90,60,32,69,84,64,36,1,4,0,139614000.0
1438,Joshua Dembele,23,Netherlands,Premier League,RB,77,87,178104000,394500,Right,2,High/Medium,181.2,73.7,2027,88,44,46,71,68,62,47,0,1,3,269058000.0
1439,Gavi Griezmann,19,Senegal,Premier League,RW,76,86,180000000,395900,Right,1,Medium/High,183.1,73.7,2026,75,68,45,48,56,47,19,6,0,4,271923000.0
1440,Cristiano ter Stegen,23,USA,Serie A,GK,59,66,24033000,83000,Right,1,High/Medium,191.3,78.3,2028,68,58,45,54,40,64,6,0,0,0,36306000.0
1441,Heung-min Saka,31,Argentina,Ligue 1,RW,65,66,5112000,58000,Left,1,High/Medium,172.5,67.9,2027,66,73,59,57,68,50,19,5,2,3,7723000.0
1442,Mohamed Mbappe,24,Italy,Ligue 1,CB,76,85,149363000,340200,Right,1,Low/High,190.7,84.1,2029,79,48,75,89,28,63,21,1,2,1,225640000.0
1443,David Dembele,25,France,La Liga,ST,71,81,87355000,217900,Right,1,Medium/Low,174.8,67.4,2029,75,57,56,62,67,83,24,4,2,4,131966000.0
1444,Jan Oblak,20,Italy,Premier League,ST,63,83,92763000,214100,Right,1,High/High,185.7,74.1,2025,51,62,60,47,59,52,10,3,5,0,140135000.0
1445,David ter Stegen,18,Spain,Premier League,CDM,84,96,180000000,412900,Right,2,Medium/Low,174.8,71.2,2027,74,46,60,71,72,64,19,0,3,0,
1446,Bruno Donnarumma,19,Croatia,Bundesliga,CDM,66,76,160518000,342200,Right,3,High/Medium,194.8,83.0,2026,94,62,77,65,20,78,21,0,3,1,242491000.0
1447,Theo Rice,25,Senegal,Premier League,CDM,72,79,91708000,227700,Left,3,High/Medium,187.0,78.4,2025,71,74,77,51,38,58,30,2,4,2,138542000.0
1448,Antoine Dias,19,Brazil,La Liga,CM,71,94,180000000,386400,Right,4,High/Medium,171.9,65.8,2025,98,92,67,60,37,72,26,4,5,3,271923000.0
1449,Joshua Junior,22,France,Bundesliga,GK,63,68,50090000,136500,Left,2,Low/High,185.7,83.8,2024,61,50,82,62,34,77,13,0,0,2,75670000.0
1450,Ruben Fernandes,24,Belgium,MLS,GK,73,85,143494000,323700,Right,1,Medium/Medium,181.8,72.5,2027,76,76,59,65,62,68,16,0,0,4,216774000.0
1451,Ruben Alvarez,22,England,La Liga,GK,75,87,180000000,394000,Right,3,Medium/Low,180.9,81.4,2026,60,30,89,79,49,69,26,0,0,3,271923000.0
1452,Heung-min Alaba,20,USA,Premier League,CDM,68,77,103211000,241400,Right,1,Low/Medium,183.0,79.4,2028,63,61,56,74,39,54,27,0,4,3,
1453,Antoine Fernandes,21,Japan,Bundesliga,LB,69,80,99696000,236800,Left,2,Low/Medium,176.0,77.4,2027,63,63,37,68,35,63,41,2,2,1,150609000.0
1454,Pedri Valverde,31,Japan,Bundesliga,CM,77,78,14411000,96900,Left,1,Medium/Low,186.9,82.4,2027,96,75,47,79,37,69,18,4,7,5,21770000.0
1455,Antoine Haaland,26,Portugal,La Liga,ST,56,67,17539000,67000,Right,2,Medium/High,186.6,78.5,2025,67,53,46,61,70,45,28,3,1,3,26496000.0
1456,Neymar Mbappe,24,Uruguay,MLS,RB,65,75,59145000,156200,Right,1,High/High,184.3,73.7,2026,63,65,54,57,53,41,12,1,0,0,89349000.0
1457,Gianluigi ter Stegen,17,Belgium,Ligue 1,CM,74,93,180000000,392000,Right,1,High/High,181.9,74.0,2026,77,79,80,71,69,66,30,4,9,3,271923000.0
1458,Bruno van Dijk,36,Spain,Premier League,RB,68,68,10660000,73100,Left,1,Medium/Medium,186.3,85.3,2025,60,43,58,70,93,72,36,0,2,7,16104000.0
1459,David Alvarez,26,Brazil,Premier League,LW,68,77,68864000,179000,Right,1,Medium/Medium,185.4,78.2,2027,81,30,46,47,54,69,32,5,2,3,104032000.0
1460,Rafael Lewandowski,22,Netherlands,Serie A,RW,79,91,180000000,402000,Left,4,Low/Medium,182.5,78.6,2027,47,79,44,86,29,48,36,9,4,4,271923000.0
1461,Marquinhos Alaba,29,Argentina,Ligue 1,RW,67,69,54188000,150600,Left,1,Medium/Low,171.5,67.8,2024,56,46,64,53,52,81,26,8,7,3,81861000.0
1462,Bernardo Neuer,21,Italy,Premier League,ST,88,96,180000000,422100,Right,5,Medium/Medium,176.9,72.3,2027,85,69,86,73,88,69,13,3,1,2,271923000.0
1463,Gianluigi Dias,24,Spain,Bundesliga,GK,58,64,17948000,70500,Left,3,Medium/Medium,185.0,79.2,2025,65,93,68,74,74,79,7,0,0,3,27114000.0
1464,Luka Kane,25,Portugal,Bundesliga,LW,54,65,8971000,48700,Right,1,High/High,168.7,66.6,2026,61,75,78,30,43,60,29,6,3,2,13552000.0
1465,Rafael ter Stegen,21,Argentina,Premier League,CAM,79,85,180000000,402000,Right,1,Medium/Low,180.5,71.1,2026,63,46,70,69,49,71,43,0,12,4,271923000.0
1466,Luka Dias,34,Japan,Bundesliga,CB,64,64,6336000,58600,Right,1,Medium/High,196.3,86.6,2024,74,38,43,88,68,74,16,1,0,1,
1467,Florian Alvarez,27,Uzbekistan,MLS,ST,64,68,23183000,89200,Right,1,Medium/Medium,190.1,83.7,2027,78,49,73,57,63,80,33,3,9,4,35022000.0
1468,Federico Modric,24,Netherlands,Premier League,CB,80,95,180000000,404100,Left,3,Medium/Medium,192.2,84.9,2027,84,64,49,42,69,79,7,1,0,1,271923000.0
1469,Luka Haaland,20,Portugal,La Liga,CM,68,80,126099000,283000,Right,2,High/High,186.7,77.5,2027,59,58,59,65,50,58,45,5,12,6,190495000.0
1470,Leroy Bellingham,18,England,La Liga,CB,79,92,180000000,402000,Right,4,Medium/Medium,200.7,93.9,2025,60,83,54,73,61,66,27,2,5,3,271923000.0
1471,Leroy Musiala,22,Uzbekistan,Saudi Pro League,CDM,67,85,44897000,133700,Right,1,Medium/High,187.5,76.9,2025,88,72,63,65,49,61,27,1,3,2,67825000.0
1472,Ousmane Benzema,27,Italy,Eredivisie,CAM,75,81,138845000,319100,Right,1,Medium/Low,184.5,72.6,2025,72,50,61,54,80,69,22,2,5,1,209750000.0
1473,Kylian Musiala,21,Uruguay,La Liga,CM,68,89,178435000,378200,Right,1,Medium/Medium,172.6,69.0,2029,66,75,59,53,27,50,15,3,2,1,
1474,Marquinhos Dias,24,Belgium,Ligue 1,CDM,65,69,33483000,109600,Right,2,High/Medium,190.7,77.7,2024,70,86,61,45,27,48,40,3,3,0,50582000.0
1475,Achraf Griezmann,26,USA,Serie A,LB,86,92,180000000,417400,Right,3,High/Medium,184.6,,2026,54,56,68,42,42,95,30,0,2,2,
1476,Kingsley Modric,19,France,Serie A,LW,81,96,180000000,406300,Left,3,High/Medium,179.4,65.8,2028,68,69,61,62,42,91,12,9,4,0,271923000.0
1477,Cristiano Valverde,26,Uzbekistan,La Liga,CB,66,77,39947000,123000,Left,1,Medium/Low,185.5,75.5,2027,72,48,62,72,27,81,32,3,0,0,60347000.0
1478,Joshua Bellingham,19,Spain,Premier League,CDM,71,82,180000000,386400,Right,1,Medium/High,178.4,71.3,2027,80,59,92,69,24,73,22,0,2,0,271923000.0
1479,Erling Rice,33,Croatia,La Liga,RW,84,84,48267000,173300,Left,2,Medium/High,189.1,74.6,2029,64,47,79,70,74,77,17,2,5,2,72916000.0
1480,Luka Coman,23,France,Serie A,LW,64,76,87260000,205700,Right,1,High/High,179.4,71.9,2026,70,81,58,75,51,77,40,13,14,4,131822000.0
1481,Virgil Ronaldo,20,Uruguay,Premier League,RB,65,85,114096000,256100,Right,1,High/Low,178.7,77.3,2026,84,53,66,84,50,87,46,0,7,5,172363000.0
1482,Bukayo Bellingham,22,Argentina,Saudi Pro League,CAM,76,87,180000000,395900,Right,1,Medium/Low,173.1,63.7,2024,72,69,65,67,56,62,44,7,14,8,271923000.0
1483,Robert Kane,23,Japan,Premier League,LW,90,96,180000000,426900,Right,4,Medium/Medium,181.8,74.0,2025,67,72,66,71,83,58,16,3,2,1,271923000.0
1484,Manuel Alaba,27,Uzbekistan,Premier League,RW,72,82,62476000,174600,Right,1,Medium/Medium,178.0,78.7,2026,60,96,64,71,57,67,26,11,4,4,94381000.0
1485,Kevin Modric,27,France,Serie A,CM,80,90,50651000,169000,Left,1,Medium/High,178.2,68.4,2025,47,57,66,68,52,75,6,0,0,1,76517000.0
1486,Heung-min Haaland,25,Belgium,Bundesliga,CB,64,73,45852000,130400,Right,1,Medium/High,177.4,77.0,2027,79,49,61,67,43,64,44,1,3,3,
1487,Bernardo Valverde,19,Senegal,Premier League,CB,75,82,180000000,394000,Right,1,High/Medium,192.4,83.2,2024,94,60,56,68,65,61,32,3,0,2,271923000.0
1488,Florian Valverde,20,Germany,La Liga,LB,69,77,145885000,320800,Right,3,Low/High,181.1,75.2,2025,64,48,59,87,53,85,17,0,2,1,220386000.0
1489,Jude Messi,19,Argentina,Eredivisie,CM,87,96,180000000,419700,Left,4,High/Medium,174.9,74.5,2027,59,54,40,85,84,57,37,8,4,4,271923000.0
1490,Heung-min Saka,24,Italy,La Liga,GK,85,89,180000000,415100,Right,2,Medium/Medium,185.2,76.2,2025,64,73,74,44,52,85,7,0,0,0,271923000.0
1491,Virgil Dias,29,Portugal,La Liga,CM,90,94,166292000,402000,Right,4,Medium/Medium,185.6,81.1,2027,72,51,71,69,73,79,38,2,12,2,251214000.0
1492,Vinicius van Dijk,23,Uzbekistan,Ligue 1,RB,66,74,99821000,231800,Right,3,Medium/Medium,182.2,79.2,2029,66,70,93,67,42,90,27,1,2,2,150798000.0
1493,Pedri Oblak,20,Uruguay,Premier League,LB,72,90,180000000,388200,Right,2,High/Medium,183.2,73.9,2027,68,71,48,83,42,94,36,3,1,1,271923000.0
1494,Kylian Leao,24,Italy,Serie A,RW,75,80,180000000,394000,Right,1,High/Medium,178.0,69.3,2026,71,65,59,66,22,72,24,4,7,1,271923000.0
1495,Luka Junior,28,France,La Liga,CDM,67,72,39525000,123900,Left,2,Medium/High,173.7,68.0,2028,70,72,81,70,69,92,32,1,1,4,59710000.0
1496,Kevin Dembele,27,Brazil,La Liga,GK,73,80,98041000,241100,Right,1,High/Medium,190.7,82.1,2024,74,57,70,58,54,74,12,0,0,1,
1497,Neymar Alaba,30,Senegal,La Liga,LW,79,82,47161000,160500,Right,1,High/High,169.8,62.0,2027,64,29,87,77,66,72,7,0,0,1,71245000.0
1498,Cristiano Paez,21,Senegal,Premier League,GK,68,80,93548000,223900,Right,1,Medium/High,189.8,79.4,2024,70,62,85,50,85,70,34,0,0,4,141321000.0
1499,Marquinhos Ronaldo,20,Argentina,La Liga,CAM,66,77,124030000,275900,Left,1,Medium/Medium,183.8,63.0,2025,50,63,30,63,39,62,29,1,1,2,187370000.0
1500,Rodri Messi,29,Uruguay,Premier League,CAM,66,71,42858000,128300,Right,2,Medium/Low,177.1,70.3,2029,80,56,68,53,37,77,34,2,7,2,64745000.0
1501,Trent Benzema,25,Portugal,Ligue 1,RB,61,73,28567000,94300,Right,1,High/High,184.3,81.1,2026,74,72,68,63,40,81,33,3,2,1,43156000.0
1502,Marcus Benzema,22,Netherlands,La Liga,LW,79,94,180000000,402000,Left,2,Medium/High,178.6,66.3,2027,93,74,64,59,20,51,34,5,7,0,
1503,Vinicius Rice,27,Japan,La Liga,CDM,66,76,42366000,127400,Right,1,High/High,184.4,75.6,2026,76,65,58,77,51,95,38,0,4,6,64002000.0
1504,Ousmane Donnarumma,28,England,Saudi Pro League,CDM,66,73,42361000,127400,Right,1,Medium/Medium,188.5,91.4,2027,68,63,86,64,70,87,29,2,6,5,63994000.0
1505,Theo Coman,25,Japan,Bundesliga,GK,76,87,167578000,373400,Right,3,Medium/Medium,180.8,74.4,2029,52,81,64,86,55,61,21,0,0,2,253157000.0
1506,Kingsley De Bruyne,26,USA,Premier League,LB,72,77,118495000,276400,Right,2,Medium/High,186.4,84.9,2026,49,44,30,63,26,74,28,1,0,2,179008000.0
1507,Thibaut Saka,22,Italy,MLS,ST,68,79,180000000,381000,Right,1,Medium/Medium,193.0,80.4,2026,87,56,58,52,48,67,42,8,3,7,271923000.0
1508,Vinicius Benzema,24,Italy,Premier League,RB,78,88,150736000,346800,Right,2,High/Medium,183.7,78.8,2027,79,77,93,63,57,71,32,3,4,0,227714000.0
1509,Rafael Gonzalez,24,Argentina,Premier League,CM,67,74,90525000,216600,Right,3,High/Medium,178.7,68.3,2028,91,70,49,73,72,66,37,2,10,6,
1510,Theo Alexander-Arnold,29,Brazil,Ligue 1,CDM,55,59,8143000,48500,Right,1,Medium/Medium,196.7,,2025,80,58,82,88,69,74,40,1,3,3,
1511,Lionel Moraes,28,France,Serie A,CM,83,87,136436000,331400,Right,4,High/Medium,182.6,79.4,2027,64,68,79,58,48,55,11,1,6,3,206111000.0
1512,Lautaro Sane,28,Uruguay,La Liga,GK,65,71,36706000,115400,Right,1,Medium/Medium,187.5,82.7,2026,39,53,61,88,48,94,27,0,0,2,55451000.0
1513,Robert Bellingham,17,France,Premier League,RB,66,83,123431000,274800,Right,1,High/Medium,183.6,75.5,2025,84,64,67,64,65,56,30,4,2,5,186465000.0
1514,Gianluigi Dias,27,Argentina,Serie A,CAM,66,72,45188000,132500,Left,1,Medium/High,181.6,76.3,2024,56,73,64,61,44,74,18,5,3,2,68265000.0
1515,Gavi Coman,27,Japan,La Liga,CB,72,82,43299000,139700,Right,1,Medium/Medium,183.9,78.3,2027,67,82,57,77,70,59,46,4,4,6,65411000.0
1516,Theo Martinez,26,Italy,Saudi Pro League,CB,70,77,56780000,160500,Left,1,High/Medium,187.2,82.7,2028,76,72,55,85,43,66,32,1,1,5,85776000.0
1517,Trent De Bruyne,27,Portugal,Premier League,GK,80,85,180000000,404100,Right,3,Medium/High,191.5,83.1,2026,61,83,84,74,82,73,28,0,0,7,271923000.0
1518,Bernardo Saka,29,Uruguay,Saudi Pro League,CDM,85,88,175314000,406600,Right,3,High/High,179.6,77.1,2026,57,38,62,48,59,69,11,0,1,4,264844000.0
1519,Heung-min Haaland,23,England,Serie A,RW,67,83,99292000,232600,Right,1,High/High,178.0,77.7,2027,68,26,54,71,20,69,40,3,4,0,149999000.0
1520,Antoine ter Stegen,24,Uruguay,Ligue 1,GK,64,74,45996000,130700,Right,1,High/Low,182.5,74.7,2026,45,27,72,95,66,63,43,0,0,6,
1521,Alisson Son,20,Senegal,Bundesliga,CB,68,84,180000000,381000,Right,1,Medium/High,178.6,72.9,2028,61,79,70,37,59,59,19,0,2,2,271923000.0
1522,Bruno Moraes,22,Argentina,Bundesliga,LB,76,84,180000000,395900,Right,1,Medium/Low,177.6,68.5,2026,59,71,44,71,63,75,7,0,2,1,271923000.0
1523,Robert Becker,25,Portugal,La Liga,CAM,71,80,78268000,201400,Left,1,Medium/Medium,174.9,71.0,2025,68,50,55,63,93,57,6,0,0,1,118238000.0
1524,Marquinhos Saka,27,Croatia,Premier League,CM,68,73,26512000,102000,Right,1,High/Low,182.0,76.9,2025,57,55,41,54,50,60,11,0,5,3,40051000.0
1525,Jamal Donnarumma,21,Portugal,Premier League,RB,62,79,81341000,191800,Left,1,Low/Medium,187.4,80.3,2028,67,67,95,80,27,60,20,0,3,1,122880000.0
1526,Florian Dembele,20,Netherlands,Saudi Pro League,CAM,54,74,46820000,117500,Right,3,Medium/Low,188.3,81.4,2029,69,50,59,44,77,64,25,1,2,2,
1527,Bukayo Leao,26,Uruguay,Ligue 1,CM,64,74,52305000,142200,Left,2,High/High,182.4,83.5,2025,98,48,55,62,22,50,13,0,5,0,79016000.0
1528,Antoine Fernandes,17,Uruguay,La Liga,RW,82,96,180000000,408400,Right,3,Medium/Medium,182.8,64.6,2025,87,51,57,80,41,51,16,1,3,0,271923000.0
1529,Florian Ronaldo,20,Belgium,Premier League,LW,75,90,180000000,394000,Right,2,Medium/High,179.8,,2026,73,50,54,78,55,74,33,13,8,1,271923000.0
1530,Gavi Moraes,18,Germany,La Liga,CB,70,91,171897000,369800,Left,1,High/Medium,173.9,67.7,2027,82,62,62,74,38,74,28,3,5,0,259682000.0
1531,Marquinhos Becker,20,England,Bundesliga,LB,78,91,180000000,400000,Right,1,High/Medium,174.5,74.8,2027,86,88,82,69,53,71,37,1,7,6,271923000.0
1532,Luka Modric,20,Spain,Serie A,CB,62,79,60788000,154400,Left,2,High/Medium,190.1,84.5,2029,78,45,66,65,52,84,18,1,1,4,91831000.0
1533,Kylian Salah,22,USA,Ligue 1,LB,72,81,95802000,235200,Right,2,Medium/Medium,187.6,82.4,2027,60,60,45,60,82,57,47,0,4,3,144726000.0
1534,Robert Neuer,23,Brazil,Eredivisie,ST,58,63,20902000,75900,Right,1,Medium/High,187.4,85.4,2028,71,69,48,54,20,47,22,5,3,0,31576000.0
1535,Bukayo Sane,29,Germany,Premier League,RB,75,79,70349000,194600,Left,1,High/Medium,180.8,73.8,2026,56,70,67,77,56,77,9,0,2,1,106275000.0
1536,Florian Coman,24,Netherlands,Serie A,CB,74,83,155122000,346800,Right,1,High/Medium,171.8,69.6,2026,67,53,53,69,38,47,19,0,0,2,234340000.0
1537,Ruben Kimmich,26,Uruguay,La Liga,CAM,74,79,140045000,319400,Right,1,Medium/High,173.8,66.9,2027,68,71,62,77,44,66,11,1,1,0,
1538,Achraf Sane,19,USA,La Liga,CM,81,96,180000000,406300,Left,3,Medium/Low,176.3,66.9,2026,89,68,95,56,67,71,29,6,12,10,271923000.0
1539,Virgil Leao,21,England,Premier League,CB,78,85,180000000,400000,Right,1,Medium/Low,190.6,90.7,2025,63,54,50,56,64,92,18,0,1,2,271923000.0
1540,Trent Kimmich,26,France,Premier League,RB,62,67,22941000,85600,Right,1,Low/Low,179.7,75.1,2025,59,40,44,73,61,61,44,3,2,7,34657000.0
1541,Florian Haaland,18,Senegal,Saudi Pro League,RB,81,96,180000000,406300,Right,3,Medium/Medium,193.0,87.8,2026,67,43,54,37,32,62,40,2,0,3,271923000.0
1542,Lautaro Ronaldo,23,Germany,La Liga,CAM,70,80,79502000,201900,Right,1,Medium/High,188.7,76.6,2026,64,73,39,34,76,75,39,4,9,1,120102000.0
1543,Neymar De Bruyne,25,Senegal,Serie A,GK,56,67,42173000,111800,Left,2,High/Low,195.7,89.7,2026,67,84,83,80,39,75,28,0,1,2,63710000.0
1544,Neymar Leao,25,Senegal,MLS,LB,71,80,41951000,135400,Right,1,Medium/Medium,176.0,,2025,75,62,48,57,79,63,19,0,0,2,63375000.0
1545,Virgil Paez,18,France,Ligue 1,CDM,77,96,180000000,397900,Right,1,High/High,185.2,,2026,66,84,51,69,43,70,15,1,1,0,271923000.0
1546,Kingsley van Dijk,22,Brazil,Premier League,LB,64,78,93170000,216500,Right,1,High/Medium,178.9,68.1,2025,75,61,46,71,73,59,28,1,2,2,140750000.0
1547,Manuel Griezmann,25,USA,Serie A,CM,83,87,180000000,410600,Left,2,Medium/High,184.1,78.0,2027,73,43,41,80,56,73,15,2,1,4,271923000.0
1548,Bukayo Sane,20,Uzbekistan,La Liga,CDM,65,77,71483000,178700,Right,1,High/Medium,176.8,67.4,2026,82,58,64,61,24,48,21,1,2,1,107988000.0
1549,Robert De Bruyne,26,France,Ligue 1,RB,68,72,39838000,126200,Right,1,High/High,190.0,75.6,2027,68,85,54,61,48,95,10,0,1,0,60183000.0
1550,Thomas Haaland,27,Brazil,Bundesliga,ST,67,77,48951000,141000,Left,1,Medium/Medium,176.9,68.6,2027,80,52,39,58,85,76,25,10,3,4,73949000.0
1551,Jude ter Stegen,35,Uzbekistan,Bundesliga,CM,58,58,6746000,50200,Right,1,High/Medium,169.3,63.7,2027,69,59,59,75,69,54,12,2,0,1,
1552,Cristiano Kimmich,21,USA,La Liga,CB,64,76,42079000,123600,Right,1,High/Medium,199.8,86.3,2027,78,80,70,75,47,64,19,1,3,1,
1553,Kingsley van Dijk,28,Senegal,Ligue 1,CM,66,69,26850000,99200,Right,1,Medium/High,184.9,83.4,2026,62,79,58,83,78,55,36,5,5,4,
1554,Achraf Kane,24,Japan,Premier League,LW,71,85,124377000,285300,Right,4,Medium/Medium,173.5,75.5,2024,75,66,73,50,60,58,14,3,2,1,187894000.0
1555,Ederson Kimmich,22,Japan,Premier League,CAM,52,61,13188000,53800,Right,3,High/Medium,177.7,74.3,2027,78,70,88,96,84,70,32,5,10,4,19923000.0
1556,Kevin Valverde,20,USA,La Liga,CB,78,96,180000000,400000,Right,3,Low/High,182.4,77.4,2026,67,79,76,62,53,84,19,0,1,0,271923000.0
1557,Vinicius Junior,27,USA,Premier League,ST,78,81,101987000,258100,Left,1,High/Low,182.0,,2026,85,66,68,66,49,66,16,3,1,0,154070000.0
1558,Marquinhos Donnarumma,21,England,Premier League,CDM,81,89,180000000,406300,Right,3,Medium/Medium,187.2,76.1,2026,98,82,76,69,72,45,47,3,1,3,271923000.0
1559,Luka Lewandowski,22,Croatia,Ligue 1,CB,60,68,41074000,115500,Right,1,High/Low,191.1,90.3,2028,65,72,95,55,59,60,22,1,2,0,62050000.0
1560,Julian Kane,19,Italy,MLS,CB,70,91,180000000,384600,Right,1,Medium/High,185.8,78.4,2025,69,59,44,61,65,61,41,2,3,2,271923000.0
1561,Jan Oblak,28,Brazil,La Liga,GK,80,88,141774000,334600,Left,2,High/Medium,187.6,78.3,2026,63,68,73,85,39,69,28,0,0,3,
1562,Jude Kane,27,Portugal,La Liga,LW,80,83,153716000,356400,Right,1,High/High,185.2,82.4,2029,53,55,51,86,76,66,41,5,9,4,232216000.0
1563,Pedri Moraes,27,Spain,La Liga,CB,84,87,180000000,412900,Right,3,High/Medium,172.4,67.5,2027,58,46,68,69,72,41,33,0,4,7,271923000.0
1564,Bruno Son,22,Spain,La Liga,CB,73,89,180000000,390100,Right,1,Medium/High,179.8,77.5,2024,84,43,46,80,79,56,14,0,1,0,271923000.0
1565,Florian Moraes,20,Argentina,Premier League,RW,72,80,143128000,321200,Right,1,Medium/Medium,172.9,66.7,2028,73,58,75,72,30,54,18,3,4,1,
1566,Ederson Gonzalez,25,Uzbekistan,MLS,RB,60,65,26745000,89500,Left,3,High/Medium,188.5,85.4,2025,96,67,68,66,34,78,20,2,4,2,40403000.0
1567,Thibaut van Dijk,24,Spain,Premier League,GK,81,85,147261000,346700,Left,3,Low/High,182.5,79.9,2027,68,90,85,57,41,64,41,0,0,0,
1568,Marc-Andre Haaland,20,USA,La Liga,GK,68,75,180000000,381000,Right,1,High/Medium,179.0,78.1,2026,80,68,61,55,50,44,15,0,0,1,271923000.0
1569,Kevin Dias,26,USA,Premier League,CB,72,77,119335000,277900,Right,1,Medium/Low,189.7,79.0,2026,59,65,60,57,31,57,30,3,2,1,180277000.0
1570,Robert Neuer,36,Argentina,Saudi Pro League,CB,72,72,4604000,69300,Right,3,High/High,181.5,74.8,2027,62,60,60,87,66,82,44,0,5,9,6955000.0
1571,Joshua Musiala,27,Uruguay,Bundesliga,CM,53,58,16316000,60700,Right,1,Medium/Medium,179.7,81.2,2025,71,56,95,78,47,60,23,2,7,1,24648000.0
1572,Karim Sane,27,USA,MLS,CB,66,75,23013000,92200,Right,1,Medium/Medium,199.5,89.6,2025,42,64,73,85,77,59,22,0,2,2,34765000.0
1573,Gavi Moraes,32,Spain,Ligue 1,CB,76,76,22431000,109500,Right,3,Medium/Medium,189.2,85.1,2027,55,57,83,72,92,65,34,2,1,7,
1574,Gianluigi Alvarez,21,Brazil,La Liga,CAM,72,89,72168000,192200,Right,1,High/Low,176.0,79.1,2025,82,56,75,55,44,70,36,4,6,3,109023000.0
1575,Vinicius Dembele,24,Portugal,Premier League,CM,76,81,130855000,306600,Right,1,High/Low,181.2,67.6,2029,79,75,77,74,41,66,27,3,8,0,
1576,Lionel Rodri,34,Italy,Bundesliga,CDM,78,78,36870000,139700,Left,2,Medium/Medium,187.9,79.3,2026,48,47,44,83,68,80,16,0,2,2,55699000.0
1577,Trent Martinez,20,USA,La Liga,CM,65,76,161716000,342700,Right,1,High/Medium,186.3,79.1,2025,70,58,57,75,56,66,17,2,5,1,244301000.0
1578,Heung-min Rodri,26,France,Serie A,LB,68,78,68778000,178800,Right,2,High/Medium,182.5,68.7,2027,39,50,56,49,61,76,25,2,0,4,
1579,Achraf Dembele,25,Uzbekistan,Premier League,CDM,71,76,120155000,277600,Right,1,High/Medium,182.7,74.3,2026,71,63,65,47,78,70,25,0,5,3,181516000.0
1580,Lionel Moraes,25,USA,Premier League,CDM,78,91,100049000,254600,Right,3,High/Medium,172.4,64.3,2025,87,75,63,75,50,52,33,1,3,1,151142000.0
1581,Bukayo Martinez,26,Japan,Serie A,RB,70,75,85091000,212000,Right,3,High/Low,171.0,69.7,2026,87,67,42,62,35,89,33,1,1,2,128545000.0
1582,David Benzema,31,Netherlands,Serie A,RW,58,59,4494000,46100,Left,1,Medium/Medium,176.8,64.8,2029,83,58,65,71,32,81,31,9,7,0,6789000.0
1583,Karim Junior,27,Spain,Ligue 1,GK,70,80,170460000,367200,Left,1,Medium/High,181.7,82.8,2026,76,77,36,57,51,61,33,0,0,3,
1584,Heung-min Courtois,18,Italy,Premier League,LW,78,96,180000000,400000,Right,5,Medium/High,181.8,78.1,2026,91,76,75,68,48,66,19,6,4,3,271923000.0
1585,Theo Son,29,Italy,Serie A,CB,83,86,101040000,267100,Right,4,High/Low,189.1,77.0,2026,66,62,66,52,70,75,16,1,4,2,
1586,Heung-min Bellingham,21,Senegal,Premier League,LW,74,94,180000000,392000,Left,1,Medium/High,172.9,71.8,2024,67,87,82,70,80,70,45,25,14,3,271923000.0
1587,Virgil Ronaldo,22,Japan,Premier League,CM,60,70,60450000,150700,Right,1,Medium/Medium,183.1,78.8,2025,88,68,67,76,79,69,23,0,11,5,91321000.0
1588,Mohamed Silva,23,Senegal,La Liga,LW,69,75,135222000,301400,Right,2,Medium/High,174.9,69.6,2027,76,68,58,77,42,74,16,6,1,0,204277000.0
1589,Harry Hakimi,23,Senegal,Premier League,GK,76,93,180000000,395900,Left,2,High/High,200.4,88.1,2029,49,42,42,50,40,72,27,0,0,2,271923000.0
1590,Harry Fernandes,23,Uzbekistan,Premier League,CM,79,87,180000000,402000,Left,1,Low/High,184.5,79.8,2025,88,35,59,73,22,72,9,1,2,0,271923000.0
1591,Ederson Alaba,32,Brazil,La Liga,CDM,76,77,10204000,87200,Left,1,Medium/Medium,171.9,67.8,2026,63,63,53,59,55,69,30,1,2,0,
1592,Ousmane Son,26,England,La Liga,CAM,70,75,24122000,101200,Left,3,Low/High,192.1,81.1,2029,62,77,70,86,70,75,14,4,5,1,36441000.0
1593,Mohamed Modric,25,Japan,Premier League,CDM,79,90,152071000,351300,Left,2,High/Medium,177.9,67.1,2025,84,67,59,79,42,70,26,0,3,0,229731000.0
1594,Ousmane Leao,18,England,Premier League,CM,67,84,138925000,304600,Right,1,High/Medium,175.7,67.2,2025,87,77,73,67,28,70,43,7,16,0,209871000.0
1595,Thomas Oblak,30,Spain,Premier League,CDM,73,78,23441000,105500,Right,5,High/Medium,195.9,85.2,2028,55,55,83,95,88,84,27,1,0,3,
1596,Lautaro Kane,30,Uzbekistan,Premier League,LB,78,81,37264000,140500,Right,2,Medium/Medium,184.2,82.1,2027,65,63,45,57,42,73,15,1,1,1,
1597,Joshua Martinez,27,USA,Bundesliga,CDM,77,80,90045000,234400,Right,1,High/Medium,186.6,83.0,2025,58,62,64,66,52,71,32,0,4,2,136029000.0
1598,Mohamed Fernandes,17,Croatia,La Liga,CB,77,96,180000000,397900,Right,2,Medium/Medium,192.1,82.1,2026,65,33,64,74,46,57,35,1,3,2,271923000.0
1599,Rodri Courtois,18,Uzbekistan,La Liga,ST,77,87,180000000,397900,Right,1,Medium/Medium,180.7,72.8,2024,37,90,69,93,30,57,12,6,1,1,271923000.0
1600,Rodri Alvarez,21,Netherlands,La Liga,CAM,64,82,81431000,195100,Right,1,Medium/Medium,176.5,74.7,2026,61,81,74,86,71,81,43,5,11,2,123016000.0
1601,Joshua Moraes,20,Japan,Bundesliga,ST,72,92,180000000,388200,Right,1,Medium/Low,179.3,74.3,2027,72,76,87,77,23,74,32,6,7,0,
1602,Mohamed Messi,23,Spain,Saudi Pro League,CB,65,76,86607000,206200,Right,2,Medium/Medium,198.1,90.7,2026,36,82,49,55,75,79,20,1,2,2,130836000.0
1603,Jamal Paez,31,Spain,Ligue 1,RW,70,73,17714000,89500,Right,4,Medium/Medium,180.5,71.5,2027,49,54,42,55,59,70,35,5,5,7,
1604,Leroy Dembele,23,Argentina,Bundesliga,LW,63,69,104025000,234600,Right,1,High/Medium,186.8,79.0,2026,80,74,67,76,50,72,45,11,12,4,157149000.0
1605,Bernardo Wirtz,17,Portugal,Serie A,CM,75,93,180000000,394000,Right,1,Medium/Medium,181.5,75.1,2025,58,54,71,50,50,66,20,0,6,0,271923000.0
1606,Leroy Sane,21,Japan,Bundesliga,CM,56,68,15018000,62400,Right,1,Medium/High,177.1,71.2,2024,72,64,75,71,63,67,9,1,3,1,22687000.0
1607,Manuel Sane,18,Portugal,Serie A,LB,77,96,180000000,397900,Right,2,High/Medium,172.6,70.5,2027,54,34,54,77,43,62,39,1,1,6,271923000.0
1608,Leroy Rashford,18,USA,Premier League,LW,72,80,105606000,253000,Right,2,Low/Medium,183.2,79.6,2027,81,59,42,47,58,84,29,7,0,6,159537000.0
1609,Marquinhos Hernandez,21,Senegal,Premier League,CDM,87,96,180000000,419700,Right,5,High/Medium,193.0,80.8,2025,70,37,82,75,39,59,17,0,4,2,271923000.0
1610,Bruno Messi,21,Japan,La Liga,GK,70,77,91075000,222900,Right,1,High/Low,178.6,70.8,2026,62,41,72,78,20,71,33,0,0,1,137585000.0
1611,Gavi Ronaldo,27,Netherlands,MLS,LB,70,78,74501000,192800,Right,1,High/Medium,185.3,75.5,2027,35,61,59,62,66,66,31,2,3,1,112547000.0
1612,Joshua Coman,34,Argentina,Serie A,ST,77,77,28812000,123100,Right,1,High/Medium,173.1,73.3,2026,53,50,34,64,93,79,44,5,5,6,43526000.0
1613,Virgil Haaland,22,Uzbekistan,Bundesliga,RW,71,88,166222000,361300,Left,1,Medium/Low,176.2,79.2,2026,82,67,55,43,65,70,21,6,5,2,251108000.0
1614,Lionel Lewandowski,23,Italy,La Liga,ST,74,81,180000000,392000,Right,3,Low/Medium,183.7,75.1,2025,93,88,74,65,54,73,41,14,7,3,271923000.0
1615,Thomas Becker,29,Uruguay,La Liga,CM,80,84,73847000,211100,Right,1,Medium/Medium,170.8,65.9,2025,65,52,71,47,47,70,42,4,9,3,111559000.0
1616,Kylian Wirtz,21,Argentina,Premier League,CB,70,80,96073000,232000,Right,2,Low/Medium,187.8,84.0,2027,72,57,45,58,48,56,33,0,2,1,145136000.0
1617,Neymar Junior,20,Spain,Premier League,CB,82,96,180000000,408400,Right,2,High/Low,182.4,73.0,2026,66,72,73,61,47,74,38,6,7,2,
1618,Bernardo Rodri,29,England,Ligue 1,CB,59,62,14949000,66500,Right,1,High/High,189.2,85.3,2027,84,51,63,51,58,66,34,2,4,1,22583000.0
1619,Rafael Leao,18,Germany,Serie A,GK,85,96,180000000,415100,Right,3,Medium/High,186.9,79.6,2028,73,50,82,50,20,58,35,0,0,2,271923000.0
1620,Julian Muller,25,Uzbekistan,La Liga,RB,58,64,17031000,68900,Right,1,Medium/Medium,188.1,73.3,2029,83,54,55,51,20,51,26,3,1,2,25728000.0
1621,Jamal Salah,24,Netherlands,Ligue 1,CB,83,96,180000000,410600,Right,2,High/Medium,185.6,73.2,2025,75,76,56,82,63,58,29,2,5,0,271923000.0
1622,Thomas Lewandowski,22,Italy,Premier League,RB,57,62,40553000,110200,Right,2,Low/Medium,173.1,67.1,2025,75,33,66,66,51,77,8,0,1,0,61263000.0
1623,Lionel Mbappe,22,Uzbekistan,Eredivisie,ST,88,96,180000000,422100,Right,4,Medium/High,172.3,72.0,2026,60,48,59,83,37,89,39,9,3,5,
1624,Ousmane Dembele,27,Japan,La Liga,CDM,73,79,108708000,260500,Right,2,Low/High,169.6,62.5,2024,93,86,52,61,36,69,45,4,2,1,164223000.0
1625,Robert Dias,19,Brazil,La Liga,RW,64,71,89045000,209000,Left,1,High/Medium,182.7,74.0,2027,94,25,90,62,44,56,13,3,4,1,134519000.0
1626,Kylian Leao,21,Germany,La Liga,CM,87,95,180000000,419700,Right,4,Medium/High,198.6,90.9,2028,98,59,84,61,47,72,30,5,9,0,271923000.0
1627,Joshua Lewandowski,27,Japan,Premier League,CB,63,73,43125000,123900,Right,1,Medium/High,187.0,72.7,2027,55,86,51,30,80,80,31,4,1,1,65148000.0
1628,Rafael Alexander-Arnold,24,Germany,Premier League,RB,70,85,72617000,189300,Right,4,Medium/High,192.9,86.2,2025,75,92,68,73,35,91,31,2,2,1,109701000.0
1629,Jamal Griezmann,20,Argentina,Bundesliga,GK,93,96,180000000,434300,Right,4,High/High,195.0,79.7,2025,64,74,43,65,68,83,22,0,0,1,271923000.0
1630,Gavi Wirtz,30,France,Saudi Pro League,LB,75,77,54485000,165800,Left,1,Low/Medium,178.6,74.9,2026,73,80,88,67,65,70,34,1,6,3,82309000.0
1631,Jan Oblak,23,Germany,Ligue 1,CM,56,64,22395000,75800,Right,3,Medium/Medium,190.2,79.0,2027,76,46,75,39,51,74,35,2,10,1,33832000.0
1632,Declan Haaland,28,Senegal,Premier League,GK,70,76,90237000,221400,Left,1,High/High,183.1,72.6,2026,64,48,79,66,68,59,46,0,0,6,136319000.0
1633,Trent Martinez,27,Spain,Serie A,CB,69,72,71432000,185400,Right,2,High/High,184.5,78.7,2024,67,89,61,61,62,77,7,0,2,0,107911000.0
1634,Gavi Musiala,25,Belgium,Premier League,RB,74,87,106384000,258200,Left,1,Medium/Medium,180.6,77.5,2025,98,57,81,68,32,79,33,0,0,0,160712000.0
1635,Marc-Andre Silva,24,Senegal,Premier League,ST,72,79,136655000,309400,Right,2,Medium/Medium,181.0,76.2,2029,70,31,81,66,44,38,11,2,2,0,206442000.0
1636,Mohamed Junior,34,England,Bundesliga,LW,76,76,50076000,159700,Left,1,Medium/Medium,182.0,76.3,2027,36,68,62,60,61,69,22,3,7,2,75649000.0
1637,Mohamed Leao,20,Uruguay,Serie A,CAM,60,74,78413000,183400,Right,3,High/Medium,173.3,69.3,2028,68,58,48,74,44,85,20,1,5,3,118457000.0
1638,Julian Martinez,26,England,Premier League,CB,68,78,76773000,193400,Right,1,Medium/Low,192.6,86.3,2027,56,63,71,80,65,59,36,2,3,4,115980000.0
1639,Bernardo Hernandez,20,Senegal,Premier League,LW,74,80,156619000,349500,Right,1,Medium/Medium,185.5,80.3,2026,63,25,63,61,75,42,42,11,12,5,236601000.0
1640,Achraf Sane,22,Belgium,Eredivisie,LW,66,84,180000000,377600,Right,1,High/Medium,181.9,73.9,2025,82,25,90,48,54,67,29,5,3,4,
1641,Bruno Ronaldo,22,Portugal,Premier League,CM,81,90,180000000,406300,Left,4,Medium/Medium,194.6,89.3,2026,85,66,65,49,44,80,36,4,9,4,271923000.0
1642,Lionel De Bruyne,32,Spain,La Liga,ST,66,67,5847000,61000,Right,2,High/High,190.4,79.2,2026,55,57,66,72,42,72,23,7,2,3,
1643,Rodri Bellingham,33,Brazil,Serie A,LB,73,73,29742000,116900,Right,1,High/High,189.0,86.1,2028,58,54,76,83,48,68,7,0,2,1,44931000.0
1644,Alisson Ronaldo,20,Germany,Premier League,ST,71,80,169015000,366400,Right,1,Medium/High,182.4,79.0,2025,65,68,65,43,47,56,39,10,6,4,255328000.0
1645,Kylian Dembele,18,Portugal,Premier League,RW,64,80,74530000,182600,Right,1,Low/Medium,182.1,84.3,2025,96,49,74,53,70,54,33,5,8,2,112591000.0
1646,Jude Valverde,26,Spain,La Liga,GK,72,79,66412000,181700,Right,1,High/High,187.5,82.3,2026,82,57,57,62,44,70,15,0,0,0,100327000.0
1647,Kevin Dias,23,Uzbekistan,Ligue 1,CDM,62,71,70997000,173000,Right,1,High/High,182.1,79.2,2025,81,54,49,40,51,67,10,2,0,0,107254000.0
1648,Virgil Coman,19,Argentina,Serie A,ST,68,83,100494000,236500,Right,1,High/Medium,179.6,67.5,2027,62,76,52,65,69,78,23,3,1,2,151814000.0
1649,Karim Hakimi,26,England,Bundesliga,GK,72,78,53587000,158400,Left,2,High/Low,170.7,69.7,2025,48,31,60,71,49,73,41,0,0,1,80953000.0
1650,Thibaut Alexander-Arnold,24,Portugal,Eredivisie,CM,61,69,33123000,102600,Right,4,Medium/High,186.7,84.4,2025,88,51,66,73,47,59,31,3,5,0,
1651,Lautaro Alaba,35,Netherlands,Ligue 1,ST,77,77,17661000,102800,Right,1,Medium/Medium,188.8,87.7,2026,89,79,71,61,70,71,9,2,2,0,26680000.0
1652,Ousmane Fernandes,21,Germany,La Liga,CM,74,89,154776000,346200,Left,2,High/High,174.5,69.9,2026,51,48,71,62,75,69,30,2,6,4,
1653,Neymar Coman,23,Germany,La Liga,CB,76,84,151095000,343400,Right,1,Low/Low,190.7,81.4,2026,98,63,65,53,55,48,39,1,2,3,228256000.0
1654,Jan Dembele,24,Brazil,Bundesliga,CM,72,87,178788000,386000,Right,1,High/High,178.2,68.3,2025,70,88,50,43,84,62,23,0,0,2,270092000.0
1655,Jamal Fernandes,28,Senegal,Bundesliga,CB,63,71,26876000,94300,Right,1,Medium/Low,185.0,73.9,2028,71,64,74,64,57,68,21,1,3,3,40601000.0
1656,Marcus Saka,24,Senegal,Serie A,CDM,72,82,95010000,233700,Right,1,Medium/High,190.5,82.6,2025,55,96,43,72,70,66,39,4,2,4,
1657,Karim Moraes,25,France,Bundesliga,GK,77,85,129123000,305400,Right,1,Medium/Medium,178.2,65.7,2024,48,84,48,67,90,71,17,0,0,4,195064000.0
1658,Cristiano ter Stegen,21,Netherlands,Premier League,CM,62,73,59582000,152200,Left,3,High/High,175.6,67.5,2027,44,51,65,81,43,68,18,3,3,3,90009000.0
1659,Antoine Becker,29,Germany,La Liga,CDM,63,68,16912000,76200,Right,3,Medium/High,193.7,85.9,2025,82,41,76,71,45,72,34,4,1,1,25549000.0
1660,Karim Alvarez,23,Italy,La Liga,CAM,70,83,110734000,258600,Right,1,Medium/High,177.9,72.4,2026,71,52,73,75,69,70,47,4,17,5,
1661,Ederson Rodri,20,Netherlands,Premier League,CM,69,78,180000000,382800,Left,1,Medium/High,190.1,78.2,2029,80,68,63,69,52,67,21,3,5,2,271923000.0
1662,Erling Kane,26,Germany,Premier League,CM,72,81,93607000,231200,Left,4,Medium/Medium,171.6,62.8,2027,85,67,71,91,38,69,41,5,10,4,141410000.0
1663,Thomas ter Stegen,21,Belgium,Bundesliga,CAM,70,79,145048000,321000,Right,1,Medium/Medium,171.1,62.9,2027,73,72,50,60,48,63,19,2,3,1,219121000.0
1664,Rafael Dembele,19,Netherlands,Serie A,CB,73,80,180000000,390100,Right,2,Medium/Medium,178.5,71.8,2026,97,47,57,75,29,63,22,0,2,0,271923000.0
1665,Trent Bellingham,29,Spain,La Liga,CM,82,87,180000000,408400,Right,3,Low/Low,178.9,81.2,2025,57,49,57,70,55,69,18,2,2,0,271923000.0
1666,Luka Silva,23,Netherlands,Serie A,CB,76,89,117322000,282000,Left,1,Medium/Medium,175.1,73.8,2026,67,70,51,76,57,43,18,2,1,2,177236000.0
1667,Federico Neuer,27,Uruguay,Serie A,ST,72,78,36917000,128100,Left,1,Medium/Low,184.4,78.4,2026,58,93,59,71,74,63,37,10,9,4,
1668,Achraf Courtois,22,Brazil,Premier League,GK,63,76,56442000,148100,Right,3,Medium/High,189.7,84.4,2029,84,44,62,66,76,59,42,0,0,9,85266000.0
1669,Virgil Hakimi,27,Argentina,Bundesliga,CDM,66,76,57337000,154600,Right,3,Medium/Low,176.2,74.6,2025,84,60,58,71,49,58,15,2,3,1,86618000.0
1670,Marcus Dias,19,Senegal,Ligue 1,CAM,79,96,180000000,402000,Right,1,Medium/High,175.4,72.6,2026,69,56,61,73,92,64,15,0,7,2,271923000.0
1671,Antoine Donnarumma,22,Argentina,Ligue 1,CDM,68,82,162496000,349200,Left,2,Medium/Medium,177.5,70.7,2028,55,64,30,75,35,51,30,2,1,0,245480000.0
1672,Jude Dembele,34,Argentina,Bundesliga,GK,64,64,5095000,56300,Right,1,High/Medium,179.3,70.0,2027,81,42,70,86,29,64,7,0,0,0,7697000.0
1673,Alisson Alvarez,28,Spain,Serie A,CM,89,92,96093000,271900,Right,4,Medium/Medium,163.2,60.3,2029,57,63,59,69,32,70,29,5,10,3,145166000.0
1674,Federico Kimmich,24,Portugal,Premier League,CM,84,92,177049000,407500,Left,2,Medium/Medium,181.4,79.0,2027,66,81,59,52,33,80,21,3,4,1,267465000.0
1675,Kingsley Modric,22,Japan,La Liga,CAM,71,84,173547000,374700,Right,1,High/Medium,177.2,70.6,2026,59,36,45,69,68,94,26,2,4,2,262174000.0
1676,Harry Moraes,29,Argentina,Premier League,RB,63,69,27033000,94600,Right,1,High/Low,179.9,69.5,2027,72,77,86,61,85,46,33,1,3,7,40838000.0
1677,Rafael Gonzalez,24,Uruguay,Eredivisie,CM,78,86,88711000,234000,Right,1,Medium/Low,175.4,63.8,2025,62,42,87,60,86,56,30,1,15,4,134014000.0
1678,Manuel Salah,27,Uzbekistan,Premier League,CDM,68,73,83418000,205400,Right,4,Medium/Low,187.3,79.5,2025,79,66,41,62,21,64,38,1,1,2,126018000.0
1679,Neymar ter Stegen,27,England,Premier League,CM,79,83,148192000,344200,Right,3,High/Low,197.8,84.4,2027,62,69,61,55,70,69,30,2,6,5,223871000.0
1680,Marcus Kane,17,Spain,Saudi Pro League,CM,68,81,153552000,332900,Right,2,Medium/Medium,176.6,69.5,2027,84,68,77,35,82,72,13,1,2,1,231968000.0
1681,Federico Muller,20,Portugal,MLS,CDM,85,96,180000000,415100,Right,3,Medium/Low,191.1,89.6,2028,62,56,59,86,72,60,44,1,5,1,271923000.0
1682,Jan Ronaldo,25,England,Ligue 1,CB,68,78,134128000,297600,Left,2,Medium/Low,189.9,82.0,2029,87,72,56,60,43,37,15,1,1,1,
1683,Ederson Messi,20,USA,Premier League,GK,91,96,180000000,429300,Right,3,High/Medium,187.5,77.0,2028,68,41,55,44,58,80,11,0,0,0,
1684,Achraf Kane,21,England,Premier League,CB,74,91,180000000,392000,Right,4,Low/Medium,185.6,79.8,2024,75,76,69,69,37,74,34,2,1,5,271923000.0
1685,Thomas Martinez,32,England,La Liga,CB,83,84,24393000,127700,Right,2,Medium/Low,187.0,87.8,2027,51,54,95,75,68,76,6,0,0,0,36850000.0
1686,Vinicius Moraes,24,Italy,Premier League,CDM,68,80,158673000,342300,Left,1,High/Medium,189.5,81.4,2027,71,67,76,64,28,65,34,1,5,1,239704000.0
1687,Vinicius van Dijk,27,Brazil,Premier League,CM,62,66,26125000,91400,Left,1,High/Medium,174.6,60.9,2029,55,56,49,50,67,72,8,0,1,0,39467000.0
1688,Ruben Moraes,24,Brazil,Serie A,CB,54,63,20780000,70200,Right,2,Medium/High,185.9,81.5,2026,71,86,56,48,42,44,18,1,0,3,31392000.0
1689,Theo Hakimi,24,Japan,MLS,ST,82,87,180000000,408400,Right,2,Medium/Medium,190.1,83.9,2025,59,69,61,96,61,55,17,5,0,0,271923000.0
1690,David Griezmann,19,Spain,La Liga,GK,73,94,172771000,377000,Right,1,High/Low,193.8,,2028,73,72,52,48,50,82,29,0,0,3,261002000.0
1691,Lautaro De Bruyne,22,Uruguay,Bundesliga,CAM,62,76,67550000,166700,Right,1,Medium/Medium,170.9,65.8,2026,79,74,50,45,48,68,17,3,6,0,102046000.0
1692,Florian van Dijk,21,Uruguay,Bundesliga,CM,83,96,180000000,410600,Right,3,Medium/High,180.8,71.4,2026,56,58,75,62,72,90,17,3,3,1,271923000.0
1693,David Valverde,23,Uruguay,La Liga,RB,81,90,180000000,406300,Left,2,Medium/Medium,186.7,85.8,2026,72,66,57,77,82,56,41,3,2,4,271923000.0
1694,Bernardo Alexander-Arnold,28,Senegal,Bundesliga,GK,83,86,146982000,350600,Left,4,Medium/Medium,189.0,73.6,2026,74,64,70,88,39,95,10,0,0,0,222043000.0
1695,Ederson Fernandes,22,England,Premier League,CM,61,68,49785000,132900,Right,3,Medium/Medium,188.3,79.5,2027,78,72,89,64,58,95,30,6,8,6,75209000.0
1696,Manuel Oblak,23,Croatia,Premier League,RB,82,96,180000000,408400,Left,4,Low/Medium,184.5,76.3,2026,97,54,57,64,35,60,18,2,1,2,271923000.0
1697,Rafael Benzema,23,Belgium,Bundesliga,ST,75,82,145907000,332000,Left,1,High/Low,185.6,82.1,2027,63,50,68,50,46,62,12,1,2,1,220419000.0
1698,Heung-min Ronaldo,19,Netherlands,Premier League,CM,83,91,180000000,410600,Right,4,High/Medium,184.2,82.4,2024,75,80,50,81,41,83,28,1,7,1,271923000.0
1699,Karim Benzema,23,Portugal,Eredivisie,ST,76,93,180000000,395900,Right,1,Medium/Medium,192.3,83.3,2026,95,74,70,66,32,61,26,6,4,0,271923000.0
1700,Marquinhos Fernandes,20,Brazil,Premier League,CB,73,88,178316000,387100,Left,1,High/Low,182.4,76.6,2026,57,48,83,66,74,64,44,0,2,6,269379000.0
1701,Lionel Son,20,Croatia,Serie A,CAM,82,96,180000000,408400,Right,2,Medium/Medium,180.4,75.3,2027,45,92,82,72,56,59,43,10,18,7,271923000.0
1702,Ederson Moraes,19,Argentina,La Liga,CM,79,86,180000000,402000,Left,1,High/High,175.4,74.0,2026,82,52,65,70,45,59,25,2,11,2,271923000.0
1703,Alisson Son,22,Uzbekistan,Premier League,CAM,81,94,180000000,406300,Left,4,High/Medium,170.7,70.0,2027,87,63,57,65,53,69,47,8,14,1,271923000.0
1704,Ruben Alexander-Arnold,27,Senegal,Premier League,CB,68,74,43776000,133400,Right,2,Low/Medium,188.1,78.4,2027,42,80,68,84,76,64,30,2,5,3,66132000.0
1705,Kylian Dias,21,Spain,Bundesliga,CM,71,89,146094000,324700,Left,2,Medium/Medium,177.3,73.3,2027,70,80,65,46,73,42,14,2,4,1,220701000.0
1706,Thibaut Alaba,22,Portugal,Ligue 1,CDM,58,64,44167000,118200,Left,3,Medium/Low,181.6,76.7,2027,60,50,71,69,65,85,17,1,2,2,
1707,Leroy Donnarumma,25,Spain,Ligue 1,CAM,68,76,103975000,242800,Right,1,High/Medium,188.0,80.1,2026,75,70,56,72,42,87,46,5,9,3,157073000.0
1708,Rafael Gonzalez,20,Belgium,Serie A,LB,78,96,180000000,400000,Right,2,High/High,192.1,85.8,2026,74,57,59,61,57,74,18,0,1,0,271923000.0
1709,Bernardo Dias,30,Italy,Ligue 1,RW,77,80,32250000,129300,Right,3,Medium/High,191.7,83.9,2026,85,68,61,75,35,69,13,4,1,0,48719000.0
1710,Thibaut Fernandes,24,Italy,Bundesliga,GK,64,74,79748000,192000,Right,1,High/Medium,196.2,88.5,2024,54,59,74,75,53,56,11,0,0,1,120474000.0
1711,Neymar Gonzalez,23,England,Bundesliga,LW,82,88,180000000,408400,Right,4,Medium/Medium,194.6,80.2,2028,77,55,76,81,72,62,43,10,9,6,271923000.0
1712,Declan Griezmann,24,Japan,Serie A,RW,94,96,180000000,436900,Right,5,High/Medium,179.9,70.2,2027,80,46,58,65,75,81,35,6,5,2,271923000.0
1713,Bernardo Lewandowski,20,Italy,Bundesliga,LW,65,82,96916000,224900,Right,3,High/Medium,174.0,72.0,2026,75,80,48,64,43,75,20,6,3,2,146409000.0
1714,Kingsley Martinez,25,Spain,Ligue 1,CDM,70,81,77230000,197700,Right,1,Medium/Low,175.5,65.8,2026,45,50,70,74,69,73,12,2,0,1,116670000.0
1715,Marcus Dembele,22,Argentina,La Liga,CDM,67,86,67333000,174500,Right,3,Medium/Low,191.1,85.3,2028,79,85,75,64,66,73,19,5,1,4,
1716,Trent Rashford,30,Japan,Ligue 1,ST,71,75,34629000,122100,Left,2,Medium/High,182.3,75.4,2025,58,57,63,47,50,80,29,4,7,3,52313000.0
1717,Luka Lewandowski,20,England,Serie A,CB,74,88,180000000,392000,Left,1,Medium/Medium,188.0,85.0,2027,52,69,55,78,68,78,42,3,2,8,271923000.0
1718,Antoine Silva,24,Germany,Premier League,CM,66,80,66493000,171200,Right,1,Medium/Medium,178.4,75.0,2024,76,86,58,43,77,76,45,5,12,5,100450000.0
1719,Antoine Gonzalez,25,Uruguay,Premier League,CM,70,75,105370000,248900,Left,1,Medium/High,179.2,71.5,2026,81,55,87,72,70,63,19,1,6,2,159180000.0
1720,Bukayo Kane,18,Portugal,La Liga,CAM,73,89,180000000,390100,Right,1,Medium/Medium,182.6,75.1,2028,68,69,68,96,36,88,29,2,9,0,
1721,Gianluigi ter Stegen,22,Japan,Serie A,CB,76,85,160188000,359900,Right,2,High/High,179.8,66.0,2026,84,69,79,73,49,62,11,1,2,2,241993000.0
1722,Heung-min Wirtz,27,Belgium,Ligue 1,CM,84,87,143519000,346500,Right,3,High/High,183.7,76.4,2027,81,51,53,57,62,57,30,2,9,5,216811000.0
1723,Neymar Rashford,28,England,Premier League,LW,72,79,43872000,140700,Right,1,Low/Medium,189.8,76.6,2028,69,65,81,61,40,61,12,1,3,1,66277000.0
1724,Mohamed Fernandes,22,USA,Ligue 1,GK,68,80,180000000,381000,Left,2,High/Medium,173.6,67.9,2027,81,73,77,71,83,53,22,0,0,3,271923000.0
1725,Julian Kane,28,Spain,Saudi Pro League,RW,78,84,167718000,377600,Right,1,High/Medium,168.8,62.8,2027,82,89,63,66,60,75,25,8,7,3,253368000.0
1726,Federico Alvarez,33,Portugal,Premier League,GK,75,75,22174000,107000,Right,1,Medium/Medium,189.1,77.8,2026,72,55,73,76,46,67,20,0,0,1,33498000.0
1727,Mohamed Saka,29,Argentina,Saudi Pro League,RB,70,74,29127000,110300,Right,1,Medium/High,190.9,,2027,38,67,83,85,45,81,7,0,1,0,44002000.0
1728,Bukayo Salah,19,France,Eredivisie,GK,76,85,180000000,395900,Right,1,Medium/Medium,181.7,70.2,2027,42,59,49,84,42,38,5,0,0,0,271923000.0
1729,Karim Lewandowski,27,Uzbekistan,Bundesliga,GK,69,77,62716000,169500,Right,4,High/Medium,173.0,64.8,2029,83,65,57,51,67,70,17,0,0,5,94744000.0
1730,Julian Sane,22,Belgium,Ligue 1,RW,68,79,180000000,381000,Right,2,Low/Medium,186.5,76.4,2027,64,52,72,67,69,64,36,9,4,5,271923000.0
1731,Bruno Musiala,36,Spain,Eredivisie,RB,57,57,3151000,42200,Right,1,Medium/Low,176.7,69.4,2027,57,59,65,73,43,63,16,0,3,1,4760000.0
1732,Leroy Becker,23,Belgium,Bundesliga,CDM,69,76,118095000,270200,Right,1,Medium/Medium,179.7,70.2,2025,97,86,70,86,81,55,35,1,2,5,178404000.0
1733,Theo Silva,20,Brazil,La Liga,CB,58,67,15719000,66500,Right,1,High/Medium,189.2,80.1,2027,65,64,74,71,48,68,45,1,2,3,23746000.0
1734,Alisson Becker,26,France,Ligue 1,CM,67,76,60567000,162200,Right,1,High/Medium,177.7,73.1,2027,68,63,71,58,40,58,6,0,2,0,91497000.0
1735,Marcus Saka,22,Portugal,Bundesliga,CM,77,94,138612000,322700,Right,2,High/Low,176.3,73.4,2027,73,48,61,72,63,86,45,3,6,4,209399000.0
1736,Kingsley Griezmann,38,Italy,Serie A,RB,60,60,3225000,46700,Right,3,High/Medium,176.4,73.3,2025,59,79,62,90,33,75,12,0,2,0,4872000.0
1737,Theo Alaba,34,Spain,La Liga,LB,70,70,10874000,77100,Right,2,High/High,194.1,77.3,2028,82,75,86,63,30,79,29,0,4,2,16427000.0
1738,Manuel Hakimi,25,Belgium,Ligue 1,RW,73,87,103640000,251300,Right,1,High/Medium,186.5,80.9,2024,66,64,66,57,37,47,9,2,1,0,156567000.0
1739,Kylian Dias,20,Portugal,Premier League,RB,70,93,131929000,297200,Left,1,Medium/High,185.7,80.5,2025,84,92,83,66,40,78,6,0,0,0,199303000.0
1740,Ederson Moraes,26,Italy,MLS,CDM,68,78,47340000,139800,Right,1,Medium/Low,167.8,,2027,71,53,84,58,68,77,46,1,6,7,
1741,Heung-min Dembele,19,Argentina,La Liga,LB,75,95,180000000,394000,Left,1,Medium/Medium,185.8,85.6,2027,88,45,54,77,31,63,42,1,0,0,271923000.0
1742,Thibaut Becker,18,Argentina,Premier League,LW,76,88,180000000,395900,Right,1,High/Medium,183.0,80.7,2026,58,60,75,58,61,65,43,18,2,2,271923000.0
1743,Bukayo Haaland,28,Belgium,La Liga,RB,72,79,56709000,164100,Right,1,Medium/Medium,173.7,68.1,2027,40,48,49,83,70,56,7,0,0,3,85669000.0
1744,Thomas Alvarez,21,England,Premier League,CDM,69,81,122800000,278800,Left,1,High/Medium,183.7,74.5,2026,74,65,87,73,81,64,42,3,4,5,185512000.0
1745,Antoine Paez,22,Brazil,Bundesliga,CB,79,96,180000000,402000,Right,1,Medium/Low,193.0,92.3,2024,62,63,67,76,46,74,26,3,2,3,271923000.0
1746,Bruno Leao,34,Uzbekistan,Saudi Pro League,ST,62,62,2136000,47800,Right,2,Medium/Low,185.7,78.5,2025,84,80,66,75,47,59,44,16,5,4,3227000.0
1747,Declan ter Stegen,22,England,Ligue 1,LB,77,88,180000000,397900,Right,1,Medium/High,177.6,72.2,2028,72,54,52,78,91,68,37,0,5,6,271923000.0
1748,Alisson Alaba,22,Brazil,Premier League,CAM,75,88,180000000,394000,Right,2,Medium/Medium,178.1,72.6,2025,76,67,56,62,79,95,36,6,4,4,271923000.0
1749,Cristiano Alexander-Arnold,31,Spain,Premier League,CDM,74,76,14907000,91900,Right,1,Medium/Medium,186.7,89.1,2025,63,64,68,54,50,56,21,2,1,1,22520000.0
1750,Alisson Hakimi,19,Uruguay,Ligue 1,CB,72,82,143083000,321100,Left,1,Medium/Medium,187.5,79.2,2027,67,75,66,60,75,71,22,1,3,1,
1751,Leroy Paez,27,Japan,MLS,LW,57,64,14845000,63500,Right,2,Medium/Medium,187.9,80.4,2026,70,43,59,79,59,55,7,0,1,0,22426000.0
1752,Pedri Silva,36,Germany,Serie A,LB,83,83,16802000,113900,Right,3,Medium/Medium,184.6,74.3,2027,76,47,77,44,55,50,10,1,0,0,25382000.0
1753,Jamal Wirtz,30,Belgium,Serie A,RW,79,83,53466000,172000,Left,3,Medium/Medium,183.0,74.8,2028,63,52,64,41,93,77,17,4,4,4,80770000.0
1754,Theo Becker,25,Uzbekistan,La Liga,RW,64,70,53298000,144000,Left,1,Medium/High,183.7,72.8,2027,66,44,50,69,74,63,35,15,8,6,80516000.0
1755,Jan Sane,22,Netherlands,Saudi Pro League,RW,78,93,180000000,400000,Right,1,Medium/Medium,170.3,63.3,2026,84,71,75,77,88,87,21,4,7,3,271923000.0
1756,Thomas Alaba,21,Uruguay,Bundesliga,GK,74,84,180000000,392000,Right,1,Medium/High,188.0,72.9,2026,52,71,48,79,35,74,25,0,0,2,271923000.0
1757,Declan Alaba,28,USA,La Liga,LW,67,70,31971000,110200,Left,2,High/High,175.6,,2027,84,79,38,54,87,58,20,5,3,5,48298000.0
1758,David Junior,29,Croatia,La Liga,RB,82,87,96691000,257000,Right,2,Medium/Medium,188.8,81.9,2026,58,59,66,51,52,57,21,0,2,4,
1759,Leroy Son,24,Belgium,Saudi Pro League,RW,69,83,159588000,345700,Right,2,Low/High,181.1,75.7,2024,84,54,50,58,51,76,36,11,7,2,241087000.0
1760,Ruben Valverde,21,France,Premier League,CM,83,96,180000000,410600,Left,3,Medium/Medium,180.8,74.3,2026,78,46,67,61,62,55,5,0,1,0,271923000.0
1761,Kevin Messi,19,Italy,La Liga,LW,76,92,180000000,395900,Right,1,High/Medium,171.6,67.4,2024,48,82,76,62,64,55,42,17,4,4,271923000.0
1762,Leroy Mbappe,19,France,Serie A,CDM,80,92,180000000,404100,Right,1,High/Medium,171.6,72.9,2029,75,58,78,68,73,47,12,0,1,1,271923000.0
1763,Manuel Saka,26,Argentina,Premier League,CDM,77,85,126051000,299900,Right,1,Medium/Medium,184.0,74.1,2027,87,50,71,85,70,75,5,2,1,1,190423000.0
1764,Leroy Haaland,23,Senegal,Premier League,CB,76,82,131400000,307600,Right,1,Low/Medium,182.7,77.2,2025,68,74,46,66,43,58,6,0,2,0,198503000.0
1765,Bruno Dias,30,Brazil,Ligue 1,LW,74,79,45870000,148200,Left,4,High/High,183.6,78.0,2025,65,56,54,79,37,72,41,16,5,3,69295000.0
1766,Antoine Messi,27,Italy,Saudi Pro League,RB,66,75,29407000,103800,Right,1,Medium/Low,171.3,70.9,2029,60,44,65,75,51,52,28,3,2,2,
1767,Jan Rice,20,Uruguay,Ligue 1,CDM,73,90,180000000,390100,Right,1,Medium/Low,192.4,86.3,2026,90,48,65,57,54,48,31,2,2,1,271923000.0
1768,Karim Rice,25,Argentina,Saudi Pro League,LW,79,88,180000000,402000,Right,1,High/High,184.2,79.4,2027,65,63,51,75,56,76,24,7,3,2,271923000.0
1769,Ousmane Haaland,23,Italy,Serie A,CM,78,93,180000000,400000,Right,3,Medium/Medium,182.6,71.0,2026,96,44,58,74,79,66,25,0,5,4,271923000.0
1770,Jude Dias,24,England,Ligue 1,CB,76,86,117429000,282200,Right,3,High/Medium,196.4,84.2,2028,87,60,76,66,58,59,46,1,10,7,177398000.0
1771,Trent Oblak,27,Argentina,La Liga,CM,55,60,10414000,52600,Right,1,Medium/High,188.2,75.8,2027,87,48,72,69,93,62,41,2,14,5,15732000.0
1772,Luka Becker,28,England,Bundesliga,RB,70,73,63758000,173200,Right,1,Medium/Medium,178.9,63.5,2024,70,46,60,66,81,62,39,1,3,11,96318000.0
1773,Jan Griezmann,29,England,Eredivisie,CDM,69,74,41651000,131200,Left,1,Medium/Medium,182.5,77.5,2025,62,54,79,52,49,92,42,1,5,6,62921000.0
1774,Vinicius Paez,21,Italy,Premier League,GK,63,83,69522000,171900,Right,1,Medium/High,174.5,68.5,2026,80,64,46,96,23,71,19,0,0,0,105026000.0
1775,Rafael Son,18,Senegal,La Liga,CB,79,89,180000000,402000,Right,5,Medium/Low,191.5,85.4,2028,96,67,76,80,93,69,46,3,4,1,271923000.0
1776,Mohamed Haaland,27,USA,Serie A,LB,56,60,11267000,55600,Left,1,Medium/Medium,180.1,74.1,2025,93,76,74,73,49,58,34,0,7,3,17021000.0
1777,Robert Valverde,19,Portugal,Premier League,CAM,79,93,180000000,402000,Right,1,Medium/Medium,166.3,63.9,2027,51,49,75,61,71,77,8,1,2,0,
1778,Thomas ter Stegen,22,France,Premier League,GK,83,96,180000000,410600,Right,2,Medium/Medium,178.3,77.6,2026,98,84,69,65,42,54,47,0,0,3,271923000.0
1779,Jan Junior,17,Argentina,Ligue 1,RB,70,84,122085000,279300,Left,1,Medium/High,187.7,80.4,2028,80,96,55,51,83,74,43,1,4,4,
1780,Ederson Hakimi,26,USA,Eredivisie,ST,71,76,112373000,263400,Right,2,High/Medium,192.5,87.5,2027,80,55,73,73,70,74,19,6,6,2,
1781,Heung-min Courtois,20,Netherlands,La Liga,CB,80,96,180000000,404100,Right,1,Medium/Medium,184.2,76.1,2026,63,33,59,71,35,80,27,1,0,0,271923000.0
1782,Kylian Modric,25,Portugal,Premier League,CDM,66,75,91785000,217200,Right,1,Medium/Medium,175.6,73.4,2025,58,34,67,64,20,44,45,1,5,2,138658000.0
1783,Kevin De Bruyne,36,Croatia,Premier League,LW,77,77,25167000,116400,Right,4,High/Medium,171.0,62.3,2024,45,54,54,67,58,81,19,4,5,3,38019000.0
1784,David Dembele,19,France,Saudi Pro League,ST,65,73,109045000,246900,Left,1,Low/High,191.2,75.3,2027,97,50,60,63,63,72,30,4,2,1,164732000.0
1785,Karim Alexander-Arnold,19,Uzbekistan,Serie A,CAM,62,80,61224000,155200,Right,2,Medium/High,180.6,82.6,2026,66,62,62,60,68,58,16,0,4,0,
1786,Rodri Neuer,22,Uzbekistan,La Liga,CAM,74,86,109661000,264100,Left,1,Medium/High,175.6,77.1,2026,72,70,70,56,40,42,22,1,7,0,165663000.0
1787,Theo Silva,29,Japan,Serie A,LW,72,79,35141000,124900,Left,1,Medium/Low,176.1,63.5,2029,64,41,72,53,43,63,10,2,1,1,
1788,Marcus Griezmann,21,Argentina,La Liga,CDM,58,74,81417000,185900,Right,1,Medium/High,186.4,79.1,2026,61,59,88,57,20,70,22,1,4,1,122995000.0
1789,Kylian Wirtz,22,Uruguay,Serie A,LW,83,88,180000000,410600,Right,2,Medium/High,181.7,75.9,2027,71,53,67,58,45,49,28,4,12,4,271923000.0
1790,Theo Donnarumma,19,Brazil,Saudi Pro League,GK,69,84,123421000,279900,Right,1,Medium/Low,181.3,77.8,2025,76,94,51,81,25,57,42,0,0,1,186450000.0
1791,Pedri Son,27,Uzbekistan,Serie A,ST,76,82,82219000,218200,Right,1,Medium/Medium,174.6,75.9,2024,86,39,76,58,42,52,32,5,11,2,124207000.0
1792,Karim Haaland,23,Japan,Bundesliga,CDM,85,91,180000000,415100,Right,4,Medium/Medium,174.9,65.8,2026,59,49,69,40,60,62,19,0,3,2,271923000.0
1793,Gavi Dias,27,France,La Liga,CM,74,84,46815000,149900,Left,1,Medium/High,179.0,69.2,2027,62,62,62,70,60,54,23,3,3,3,70723000.0
1794,Rafael Bellingham,30,Netherlands,Bundesliga,CB,82,86,65203000,199700,Left,3,Medium/Medium,181.2,74.9,2026,75,49,59,75,42,94,9,0,0,0,98501000.0
1795,Gianluigi Mbappe,21,Belgium,Bundesliga,CAM,65,74,164603000,348000,Right,3,High/High,188.5,76.9,2028,74,80,56,79,59,78,8,3,3,2,248663000.0
1796,Joshua Sane,28,Spain,Premier League,GK,83,87,180000000,410600,Right,2,High/Medium,184.5,66.5,2026,70,45,55,69,81,54,21,0,0,0,
1797,Karim Mbappe,18,England,Serie A,RW,65,73,132188000,289000,Left,1,Medium/Low,171.1,65.9,2026,63,47,47,52,49,56,14,4,1,1,
1798,Antoine Hakimi,30,USA,La Liga,LW,67,69,12993000,75700,Right,2,High/Medium,172.2,70.7,2028,78,81,78,56,31,50,16,0,3,0,19628000.0
1799,Jude Neuer,25,Uzbekistan,Ligue 1,CB,60,70,17920000,73400,Left,1,Medium/High,186.6,79.3,2026,89,42,71,74,69,66,9,0,0,0,27071000.0
1800,Karim Rice,29,Senegal,La Liga,LW,74,78,73620000,198600,Right,1,Medium/Medium,166.8,65.5,2025,85,75,66,85,74,89,11,4,2,2,111216000.0
1801,Marquinhos Son,17,Spain,Eredivisie,LW,77,96,180000000,397900,Right,1,High/Medium,180.2,75.9,2024,74,54,56,52,42,82,27,7,3,0,271923000.0
1802,Kevin Bellingham,20,Portugal,Premier League,CM,78,85,180000000,400000,Left,1,High/Medium,173.3,64.8,2027,41,52,80,69,42,70,6,0,1,0,271923000.0
1803,Rafael Griezmann,22,Belgium,Ligue 1,RB,61,74,43622000,121600,Right,1,Medium/Medium,189.5,82.2,2027,76,53,45,59,20,64,34,1,2,0,
1804,Bukayo Donnarumma,22,England,Bundesliga,LB,75,92,180000000,394000,Left,3,Medium/Medium,182.8,70.1,2024,74,44,63,56,46,74,41,2,1,3,271923000.0
1805,Robert De Bruyne,21,Argentina,Ligue 1,CB,75,88,154963000,348400,Left,2,Medium/Medium,200.1,88.8,2026,61,76,78,67,38,71,9,1,1,2,234100000.0
1806,Marc-Andre Kane,22,Uzbekistan,La Liga,LB,77,82,180000000,397900,Right,2,Low/Low,180.5,74.5,2027,62,64,37,65,27,73,24,1,0,2,
1807,Bruno Modric,20,Portugal,Serie A,RW,66,76,61758000,162600,Right,1,High/Medium,162.0,59.8,2028,62,76,67,40,48,70,30,17,4,3,93297000.0
1808,Trent Paez,23,Netherlands,Ligue 1,GK,52,61,39796000,102200,Left,1,High/High,196.9,82.4,2026,76,80,55,69,54,73,43,0,0,6,60119000.0
1809,Joshua De Bruyne,28,USA,Premier League,LW,78,86,72250000,204100,Left,3,Medium/Medium,182.2,71.4,2028,58,70,66,71,51,50,10,3,1,1,109147000.0
1810,Pedri Fernandes,23,Uzbekistan,Premier League,RB,71,87,167276000,363300,Right,1,Medium/High,186.3,80.3,2026,75,38,59,76,49,66,33,0,2,4,252701000.0
1811,Marquinhos ter Stegen,17,Italy,Serie A,CDM,74,96,180000000,392000,Left,1,Medium/Medium,175.5,73.3,2025,98,46,73,59,82,70,14,0,1,1,271923000.0
1812,Jamal Sane,23,Argentina,Serie A,LW,71,86,119513000,276400,Right,1,Low/High,179.7,72.8,2024,70,75,82,46,60,62,20,6,3,2,
1813,Kylian Moraes,18,France,La Liga,RW,74,88,180000000,392000,Right,1,Low/Medium,179.5,72.5,2026,61,62,95,61,66,53,38,10,12,7,271923000.0
1814,Rafael Moraes,33,Italy,La Liga,RB,78,78,33495000,133600,Left,1,High/Medium,180.5,77.9,2026,47,72,63,76,87,68,35,0,2,6,50600000.0
1815,Harry Paez,20,Portugal,La Liga,CDM,57,80,64164000,153100,Right,1,High/High,170.7,63.7,2028,79,60,75,66,72,95,40,5,4,7,96931000.0
1816,Manuel Leao,26,France,Ligue 1,RB,81,87,168049000,384500,Left,4,Medium/Medium,200.0,99.5,2025,96,55,69,78,50,58,45,1,6,2,
1817,Luka Griezmann,34,Netherlands,Bundesliga,GK,71,71,8966000,75400,Right,1,High/Medium,191.6,77.8,2026,53,72,70,50,21,66,9,0,0,0,13545000.0
1818,Bernardo Rashford,28,Croatia,Ligue 1,LB,85,91,104908000,278600,Right,4,High/Medium,184.7,82.1,2024,41,34,85,77,48,83,37,1,6,3,158483000.0
1819,Marquinhos Muller,26,Spain,Eredivisie,CDM,68,73,103902000,242700,Right,2,Medium/Medium,190.5,85.1,2027,92,56,55,70,81,89,47,0,4,7,156963000.0
1820,Florian Courtois,28,France,Serie A,RB,67,69,34466000,114700,Right,1,Medium/Low,186.2,89.1,2028,98,63,59,62,72,61,23,0,2,1,52067000.0
1821,Pedri Oblak,35,Spain,Premier League,CAM,71,71,13133000,83000,Right,1,Medium/High,175.7,66.2,2025,74,65,62,80,48,79,36,5,10,4,19840000.0
1822,Manuel Son,25,Japan,Premier League,RB,76,89,180000000,395900,Right,1,High/Medium,190.1,72.3,2026,77,41,51,70,53,77,27,0,2,4,271923000.0
1823,Alisson van Dijk,24,England,La Liga,CDM,70,76,117215000,270400,Right,1,Medium/Medium,187.5,85.4,2025,73,41,64,54,57,61,7,0,0,3,177074000.0
1824,Harry Donnarumma,25,Brazil,MLS,CDM,77,85,145611000,335400,Right,1,Medium/Low,177.8,66.5,2026,80,55,74,79,43,75,5,0,0,0,219972000.0
1825,Mohamed De Bruyne,24,Germany,Serie A,CAM,69,83,125970000,284600,Right,2,High/Medium,183.8,79.5,2025,80,60,76,63,44,65,40,5,15,4,190300000.0
1826,Ederson ter Stegen,25,Japan,La Liga,RW,72,82,79654000,205800,Left,3,High/Medium,176.1,75.1,2026,75,86,62,67,43,60,45,14,10,5,120332000.0
1827,Kingsley Dembele,23,Argentina,La Liga,CDM,90,96,180000000,426900,Right,3,Medium/Low,183.4,78.2,2027,60,47,80,55,63,88,32,1,3,2,271923000.0
1828,Alisson Junior,21,Germany,Serie A,LW,75,92,180000000,394000,Right,1,Low/Medium,184.8,78.8,2026,77,54,35,66,35,75,43,11,0,6,271923000.0
1829,Jamal Oblak,20,England,Bundesliga,LB,75,96,180000000,394000,Right,1,Low/Medium,190.9,84.8,2025,73,87,95,54,80,47,9,0,0,1,271923000.0
1830,Leroy Becker,19,France,Premier League,CM,60,83,62389000,154300,Right,1,High/High,177.8,75.3,2026,65,79,72,64,54,66,17,4,2,1,94250000.0
1831,Kingsley Silva,21,England,Eredivisie,RB,83,94,180000000,410600,Right,3,Medium/Medium,184.4,79.9,2027,77,44,58,67,35,61,15,0,0,1,271923000.0
1832,Achraf Ronaldo,18,Uruguay,Serie A,RB,81,91,180000000,406300,Right,2,Medium/Medium,195.1,81.2,2026,70,72,71,74,73,65,26,2,2,3,271923000.0
1833,Gavi Paez,24,Germany,Premier League,CAM,66,81,111046000,252200,Right,1,Medium/Medium,177.4,78.6,2025,73,75,62,48,82,74,27,4,6,4,167755000.0
1834,Thomas Gonzalez,21,Germany,Saudi Pro League,RW,80,87,180000000,404100,Right,1,Medium/Medium,180.9,74.8,2027,80,65,35,80,93,71,16,2,1,1,
1835,Ruben Ronaldo,28,Senegal,Premier League,CB,75,82,64722000,184400,Left,1,High/High,198.3,92.1,2026,77,43,65,80,79,85,25,0,4,5,97774000.0
1836,Jamal Paez,19,Croatia,Saudi Pro League,CM,72,81,112529000,265600,Right,1,Medium/Medium,186.1,81.9,2025,69,52,77,64,39,82,23,1,6,0,169995000.0
1837,Jan Kimmich,21,Uruguay,Eredivisie,CM,82,94,180000000,408400,Right,2,High/High,172.4,71.9,2025,80,51,78,68,58,53,9,1,1,0,
1838,Gianluigi Fernandes,27,Japan,Bundesliga,CB,68,74,18047000,86600,Right,5,High/High,180.4,78.3,2029,78,70,68,70,93,66,28,0,1,0,27263000.0
1839,Marquinhos Musiala,25,Argentina,Ligue 1,CB,66,71,60172000,159700,Right,1,Medium/Medium,189.9,82.8,2025,84,55,78,68,40,44,34,1,5,2,90901000.0
1840,Rafael Griezmann,19,Italy,La Liga,LB,74,96,180000000,392000,Right,3,Low/Medium,184.7,78.1,2028,79,57,71,74,32,56,12,0,2,2,
1841,Manuel Alexander-Arnold,29,Belgium,MLS,CB,76,78,57546000,173300,Right,3,High/Medium,188.4,82.7,2026,76,52,68,61,47,42,6,2,0,0,86934000.0
1842,Marc-Andre Modric,29,Senegal,Serie A,CB,80,86,132828000,318400,Right,2,Medium/High,199.1,95.6,2026,63,37,55,57,36,49,38,0,2,0,200661000.0
1843,Bernardo Coman,22,Croatia,Bundesliga,LB,71,89,89721000,222200,Right,1,High/High,178.0,68.0,2027,98,96,60,72,44,84,27,2,2,4,
1844,Mohamed Junior,22,England,MLS,LB,65,75,171921000,361300,Right,3,Medium/Medium,181.5,77.7,2024,72,68,61,47,43,77,7,0,1,0,259718000.0
1845,Gianluigi Wirtz,36,Brazil,Eredivisie,CAM,92,92,97803000,282400,Right,4,Medium/Medium,165.3,59.4,2026,78,85,68,75,67,75,28,4,4,6,147749000.0
1846,Rafael Muller,25,Belgium,Ligue 1,CM,63,69,49902000,136200,Right,1,High/Medium,189.5,89.9,2026,65,44,76,76,31,82,22,3,8,1,75386000.0
1847,Bukayo Coman,24,Senegal,La Liga,ST,72,85,95279000,234200,Right,1,High/High,176.8,72.6,2028,77,86,56,56,57,75,41,11,5,3,
1848,Trent Sane,28,Uruguay,Eredivisie,RB,78,84,68417000,197100,Right,1,Medium/Medium,188.9,79.6,2026,73,55,45,85,41,66,35,2,1,2,
1849,Lautaro Haaland,21,England,Bundesliga,CAM,81,91,180000000,406300,Right,2,High/Low,186.8,81.4,2026,81,70,85,62,64,60,18,2,2,1,271923000.0
1850,Rodri Wirtz,23,Netherlands,MLS,RW,67,77,134339000,296300,Right,1,High/High,192.5,84.5,2025,61,77,51,61,66,88,5,2,1,0,202943000.0
1851,Achraf Haaland,21,Uruguay,Bundesliga,CM,57,73,23367000,79000,Right,1,Medium/Medium,186.2,78.4,2026,79,86,71,58,71,83,18,2,3,2,35300000.0
1852,Harry Fernandes,27,Portugal,La Liga,RB,67,77,46323000,136300,Right,2,Medium/Medium,179.7,66.6,2025,63,61,68,72,71,65,45,1,2,5,69979000.0
1853,Jude Alvarez,24,Portugal,La Liga,CAM,79,85,180000000,402000,Right,1,Medium/High,181.4,71.0,2025,82,45,60,61,43,77,9,1,2,0,271923000.0
1854,Marcus Junior,25,Croatia,Serie A,CB,77,86,180000000,397900,Right,1,High/High,181.9,74.9,2025,60,61,73,48,54,35,35,1,1,4,271923000.0
1855,Lionel Alvarez,21,Germany,Ligue 1,LB,77,86,180000000,397900,Right,5,Medium/Medium,184.1,70.4,2027,78,71,48,71,81,77,35,3,2,5,271923000.0
1856,Heung-min Silva,21,Portugal,La Liga,CM,78,96,165591000,373800,Right,1,Medium/High,180.7,72.1,2026,73,53,87,63,62,61,34,3,15,4,250155000.0
1857,Gavi Sane,23,Croatia,Serie A,CM,83,88,180000000,410600,Right,2,High/High,181.5,73.1,2026,97,55,95,81,70,95,40,4,17,4,271923000.0
1858,Jude van Dijk,27,USA,La Liga,GK,66,74,41926000,126600,Right,4,Medium/Medium,179.4,70.4,2027,84,37,82,71,33,81,5,0,0,0,63337000.0
1859,Theo Gonzalez,24,Spain,Ligue 1,ST,62,68,27560000,94000,Left,1,High/High,184.0,80.3,2029,90,46,53,70,72,44,7,0,2,1,41634000.0
1860,Mohamed Sane,18,Uzbekistan,Serie A,CAM,75,94,180000000,394000,Right,1,Medium/Medium,184.8,,2027,66,69,32,80,21,59,24,6,3,1,271923000.0
1861,Vinicius Leao,29,Japan,Premier League,CDM,64,70,8934000,63300,Right,3,Medium/High,171.3,67.2,2026,63,76,71,69,27,68,47,2,7,5,13496000.0
1862,Luka Rice,19,Brazil,Premier League,ST,62,82,105072000,234900,Left,3,Medium/Medium,177.5,70.5,2027,75,79,46,77,38,67,47,21,4,2,158730000.0
1863,Jamal Bellingham,33,Uzbekistan,Premier League,CDM,82,82,28361000,132700,Left,2,High/Medium,183.1,76.0,2028,80,96,59,58,62,66,25,0,0,3,42844000.0
1864,Julian Kane,18,Uzbekistan,Serie A,ST,74,91,158641000,353200,Right,1,High/Medium,166.7,68.7,2026,81,85,86,88,65,79,34,16,6,3,239656000.0
1865,Rafael Rodri,26,Senegal,Premier League,CDM,72,83,78937000,204500,Right,3,Medium/Medium,193.3,86.0,2026,61,59,87,70,40,61,46,2,7,3,119249000.0
1866,Rafael Sane,19,Portugal,Premier League,CB,72,89,155194000,343100,Right,1,Medium/High,180.3,75.6,2024,66,47,89,51,20,67,34,2,3,0,234449000.0
1867,Erling Fernandes,31,Senegal,MLS,CAM,71,74,9429000,76300,Right,1,High/Medium,171.2,64.1,2028,82,57,66,68,72,86,9,1,4,1,14244000.0
1868,Theo Paez,23,France,Saudi Pro League,CM,82,94,124646000,307800,Right,4,High/High,180.7,76.9,2025,78,53,77,69,65,86,14,2,4,0,
1869,Gianluigi Becker,20,Spain,Serie A,CAM,60,75,30109000,95600,Right,1,High/High,179.9,76.1,2024,75,64,37,68,62,79,28,1,3,3,45485000.0
1870,Bukayo Sane,22,Belgium,Eredivisie,ST,60,68,40509000,114500,Right,2,Medium/Medium,177.1,73.3,2026,73,76,44,37,89,63,43,11,5,10,
1871,Thomas Bellingham,20,Spain,Premier League,CAM,65,80,82912000,199400,Left,2,High/Low,184.9,73.0,2027,86,69,60,59,57,59,10,0,2,3,125254000.0
1872,Jamal Ronaldo,20,Japan,Bundesliga,CM,74,82,180000000,392000,Left,2,Medium/Medium,184.6,75.3,2026,61,87,76,49,37,67,14,2,3,1,271923000.0
1873,David Saka,32,England,Bundesliga,RW,86,87,31961000,148200,Right,3,High/High,172.7,73.1,2027,67,68,59,49,78,68,46,7,7,3,
1874,Rodri Alvarez,23,Germany,Serie A,CM,79,92,180000000,402000,Right,1,Medium/Low,178.6,70.1,2027,74,41,76,69,47,67,47,3,14,4,271923000.0
1875,Vinicius Kimmich,27,Croatia,La Liga,RB,77,87,92443000,238800,Right,2,High/High,172.1,73.1,2026,53,52,48,59,53,74,14,0,0,3,139652000.0
1876,Kylian Fernandes,25,Argentina,Serie A,RW,71,75,79977000,204500,Left,1,Medium/Low,171.4,65.1,2026,68,68,66,62,45,72,29,7,5,2,120820000.0
1877,Thibaut Muller,26,Argentina,La Liga,CB,61,66,29377000,95700,Right,3,High/Medium,189.4,82.4,2026,98,65,72,55,40,71,18,1,2,3,44379000.0
1878,Thomas Martinez,20,Senegal,Bundesliga,CAM,76,96,180000000,395900,Right,2,High/Medium,172.9,67.5,2028,64,82,75,84,47,62,43,3,10,3,271923000.0
1879,David Rashford,21,Netherlands,Premier League,RW,88,96,180000000,422100,Right,5,Medium/Medium,189.9,78.6,2027,75,62,58,67,82,53,17,4,4,2,271923000.0
1880,Trent Valverde,27,Brazil,Premier League,CAM,70,76,145387000,321600,Right,1,High/Low,179.5,70.3,2028,43,59,65,47,35,76,15,2,2,2,219633000.0
1881,Luka Hernandez,34,England,Premier League,CAM,68,68,6354000,65300,Right,2,High/Low,170.7,64.0,2025,63,36,43,75,74,68,43,3,6,0,9599000.0
1882,Kevin Mbappe,21,Argentina,La Liga,CAM,70,84,164775000,356900,Left,3,Medium/Medium,172.7,68.5,2026,60,49,63,62,21,72,15,2,5,0,248922000.0
1883,Lionel Donnarumma,21,USA,Serie A,CDM,77,86,180000000,397900,Right,1,Medium/Medium,188.8,85.1,2024,69,66,80,82,83,73,20,0,2,1,271923000.0
1884,Bukayo Hakimi,23,Germany,Premier League,RW,73,89,180000000,390100,Right,2,High/Medium,177.2,71.9,2026,78,65,61,66,85,43,37,11,10,7,271923000.0
1885,Theo Son,35,Belgium,Saudi Pro League,CB,79,79,25407000,121000,Right,1,Medium/Medium,192.8,84.6,2028,49,71,54,57,36,88,45,1,2,2,38382000.0
1886,Ousmane Gonzalez,21,Argentina,La Liga,CB,72,91,133253000,303200,Right,1,Medium/Medium,183.4,81.6,2026,77,69,75,59,56,61,45,3,3,6,201303000.0
1887,Bruno Rice,23,France,Premier League,LB,70,75,64575000,174700,Left,1,High/High,178.4,72.7,2025,62,60,95,61,66,84,36,3,3,2,97552000.0
1888,Thibaut Rashford,30,Spain,Bundesliga,CDM,74,78,41216000,139700,Left,2,Low/Medium,189.3,79.4,2024,50,45,95,73,44,73,14,0,2,0,
1889,Harry Lewandowski,17,Argentina,Premier League,CDM,68,77,97324000,230700,Left,3,Medium/Low,176.4,67.2,2026,89,62,68,56,88,55,19,0,0,3,147026000.0
1890,Jan Son,18,Japan,Bundesliga,LW,86,96,180000000,417400,Left,3,Low/Low,180.4,79.2,2025,63,61,75,83,55,59,20,8,6,0,271923000.0
1891,Marcus Sane,25,England,Bundesliga,RB,79,83,180000000,402000,Right,1,High/High,180.6,73.1,2026,65,83,87,71,45,59,47,3,3,3,271923000.0
1892,Robert Rice,30,Portugal,Premier League,CDM,63,67,11848000,67000,Right,2,High/High,187.7,77.9,2027,60,83,68,69,56,60,31,5,4,5,17899000.0
1893,Harry Rodri,21,Portugal,Premier League,GK,66,79,56710000,153500,Right,1,Medium/Low,196.0,84.5,2026,77,54,71,67,41,46,36,0,0,0,85671000.0
1894,Mohamed Mbappe,23,Belgium,La Liga,RB,77,83,180000000,397900,Left,1,Medium/Medium,179.5,78.2,2027,73,52,60,66,55,58,10,0,0,1,
1895,Thomas Alaba,23,Japan,Premier League,CM,73,87,180000000,390100,Right,1,High/Medium,178.4,70.4,2026,70,40,95,50,46,79,40,3,16,1,271923000.0
1896,Ousmane Mbappe,23,Portugal,Premier League,GK,74,85,133568000,307600,Right,1,Medium/High,191.7,88.2,2027,63,59,75,70,40,80,12,0,0,0,201779000.0
1897,Rodri Rodri,25,USA,La Liga,LB,70,75,59488000,165500,Left,2,Medium/Low,175.0,69.0,2025,68,54,61,92,69,59,29,1,1,2,89867000.0
1898,Bukayo Son,23,Croatia,La Liga,CB,76,81,168395000,374800,Right,2,Medium/High,198.5,84.1,2028,76,96,56,75,24,45,11,1,1,0,
1899,Leroy Saka,23,Uruguay,Serie A,GK,71,81,144836000,322500,Right,1,Medium/High,196.9,86.8,2027,74,44,38,72,86,75,21,0,1,1,218801000.0
1900,Mohamed Fernandes,23,Belgium,Bundesliga,CDM,77,83,155543000,353500,Right,1,Medium/High,175.5,70.1,2025,87,62,42,47,59,55,34,3,3,5,234976000.0
1901,Thibaut Valverde,25,England,Serie A,CB,78,82,180000000,400000,Right,1,High/Low,176.9,70.9,2025,81,51,54,81,88,55,6,0,2,0,271923000.0
1902,Achraf Benzema,24,USA,Premier League,CAM,85,92,180000000,415100,Right,2,Low/Medium,172.0,67.0,2025,86,62,77,77,72,64,21,0,11,1,271923000.0
1903,Virgil Alvarez,29,Brazil,Premier League,LW,68,73,32488000,112800,Left,1,High/Medium,172.7,66.8,2027,86,56,69,82,30,63,8,0,0,0,49079000.0
1904,Cristiano Griezmann,18,Japan,Saudi Pro League,CM,72,89,180000000,388200,Right,1,High/Medium,187.2,76.6,2026,78,74,47,55,56,58,30,3,7,0,271923000.0
1905,Robert Bellingham,28,Portugal,Serie A,ST,62,64,23875000,87300,Left,2,Medium/Low,192.1,84.2,2026,80,69,52,61,22,59,18,6,2,1,36068000.0
1906,Pedri Fernandes,29,Senegal,Saudi Pro League,CDM,87,94,180000000,419700,Right,5,Low/Medium,187.1,82.1,2026,73,74,68,47,38,61,12,3,4,0,
1907,Robert Martinez,21,Uruguay,La Liga,CDM,56,75,39295000,106500,Right,1,Medium/Medium,180.5,68.6,2028,91,49,88,46,52,59,9,0,2,1,59362000.0
1908,Bruno Coman,23,Netherlands,Bundesliga,ST,85,93,180000000,415100,Right,3,Medium/Low,184.2,82.6,2028,50,79,49,59,42,60,9,1,3,1,271923000.0
1909,Bruno Rodri,23,Germany,Serie A,CB,73,79,180000000,390100,Right,3,Medium/Medium,181.2,60.3,2026,68,54,71,73,46,64,9,0,0,0,271923000.0
1910,David Musiala,21,Japan,La Liga,ST,75,95,164054000,365000,Right,1,Low/Medium,189.1,81.9,2026,79,39,58,61,42,72,31,3,5,1,247833000.0
1911,Virgil Wirtz,23,Spain,Serie A,GK,71,81,144384000,321600,Left,1,High/Low,188.0,82.6,2027,80,59,59,58,93,70,9,0,0,1,218118000.0
1912,Vinicius ter Stegen,18,Portugal,Serie A,CDM,72,85,123842000,286100,Right,1,Medium/Medium,187.0,,2027,76,63,48,71,57,61,7,0,0,0,187086000.0
1913,Antoine Leao,21,Belgium,Premier League,GK,77,90,180000000,397900,Right,1,Medium/Medium,180.0,65.6,2026,52,42,73,30,66,64,42,0,0,5,271923000.0
1914,Virgil Courtois,28,England,La Liga,CAM,59,66,24856000,84500,Right,2,High/High,176.8,,2024,67,75,58,59,54,84,34,6,10,3,
1915,Robert Bellingham,21,Senegal,Ligue 1,CM,67,75,140053000,306700,Right,2,Medium/Medium,186.7,80.2,2027,84,49,60,71,61,79,5,1,3,1,211575000.0
1916,Lautaro Griezmann,28,Portugal,MLS,CAM,65,72,26218000,96400,Right,1,Medium/Medium,189.1,76.6,2025,65,48,78,61,20,74,12,1,6,0,39607000.0
1917,Gianluigi Fernandes,24,Argentina,La Liga,RB,76,89,180000000,395900,Right,2,Medium/High,178.0,69.1,2024,73,61,79,83,85,46,17,3,3,3,
1918,Jude Rodri,29,Portugal,La Liga,RB,72,76,24031000,104700,Right,2,High/Low,187.1,83.9,2027,93,75,54,58,42,69,24,2,1,5,36303000.0
1919,Jamal Rice,24,Senegal,Premier League,GK,77,91,172709000,384700,Left,1,Medium/Medium,183.1,76.9,2026,69,42,69,59,75,59,10,0,0,3,260908000.0
1920,Declan Alvarez,18,Uzbekistan,Bundesliga,RB,73,83,180000000,390100,Right,1,High/Medium,195.8,80.5,2028,74,77,77,54,76,56,12,1,1,1,271923000.0
1921,Joshua Valverde,26,Japan,La Liga,ST,80,88,54563000,176100,Right,3,Medium/Medium,179.3,75.0,2026,73,27,62,57,22,63,34,3,7,1,82427000.0
1922,Florian Junior,18,Belgium,Eredivisie,RB,66,82,118893000,266500,Right,3,Medium/Medium,186.2,75.2,2028,79,67,74,70,56,80,44,6,2,9,179609000.0
1923,Marquinhos Wirtz,23,France,La Liga,LW,72,82,83782000,213300,Right,2,Medium/High,178.7,69.8,2026,74,43,60,77,62,78,19,7,2,4,126568000.0
1924,Florian Ronaldo,31,USA,La Liga,LW,81,82,17956000,111600,Right,2,High/Medium,194.5,87.2,2027,72,49,60,95,56,60,14,5,1,1,
1925,Florian Leao,20,France,Bundesliga,RB,79,91,180000000,402000,Right,1,High/High,183.5,77.2,2026,59,89,51,74,54,69,37,2,1,2,271923000.0
1926,Gianluigi Paez,22,Portugal,Ligue 1,CM,60,67,21080000,79200,Left,1,Medium/High,178.7,71.3,2024,72,46,88,51,47,62,13,1,4,0,31845000.0
1927,Leroy Leao,26,Japan,Serie A,GK,64,69,27909000,97800,Right,1,Low/High,191.3,81.2,2026,54,61,58,83,42,65,37,0,0,2,42162000.0
1928,Pedri Kane,30,Spain,La Liga,GK,71,73,11703000,80400,Right,1,Low/High,191.5,82.5,2027,68,44,53,73,74,79,13,0,0,1,17679000.0
1929,Lautaro Becker,26,England,Eredivisie,GK,70,80,76895000,197100,Right,2,Medium/Medium,186.2,75.8,2025,78,74,50,67,62,67,18,0,0,1,
1930,Cristiano Donnarumma,21,Netherlands,Premier League,CM,71,77,145561000,323800,Right,4,High/Medium,174.9,73.7,2026,72,68,66,80,58,46,36,7,9,3,219896000.0
1931,Ruben Kane,26,Netherlands,Saudi Pro League,CDM,78,87,125532000,300900,Right,2,High/Low,178.6,66.7,2025,58,70,50,96,26,69,41,2,4,1,189639000.0
1932,Jan Rice,22,Portugal,Premier League,CM,74,82,180000000,392000,Left,1,High/Medium,187.7,79.3,2024,67,80,55,64,50,89,10,2,3,1,271923000.0
1933,Rafael Neuer,26,Portugal,Ligue 1,CDM,75,79,93817000,237300,Right,1,High/Medium,170.6,61.3,2027,94,56,76,56,53,59,9,0,1,0,141728000.0
1934,Thibaut Moraes,32,France,Bundesliga,RB,77,77,19647000,106400,Left,1,High/Medium,180.4,77.9,2029,85,79,71,84,70,86,8,0,0,0,29680000.0
1935,Vinicius Mbappe,26,Belgium,La Liga,CM,81,86,122192000,301200,Right,2,High/Medium,188.5,80.0,2026,63,85,46,96,23,75,20,4,3,0,184593000.0
1936,Luka Benzema,29,Senegal,Saudi Pro League,CAM,52,56,1988000,33400,Right,2,Medium/Medium,178.0,68.2,2026,61,66,75,68,35,82,14,1,5,1,3003000.0
1937,Luka Benzema,17,USA,Premier League,GK,69,84,167458000,360000,Right,1,High/Medium,199.3,93.8,2029,75,44,65,67,87,78,35,0,0,1,252976000.0
1938,Ruben Musiala,26,Spain,Premier League,CB,65,77,41961000,125000,Right,3,Medium/High,176.3,62.3,2027,86,42,80,69,40,70,35,0,5,1,63390000.0
1939,Jamal Courtois,28,Uruguay,Serie A,CAM,76,84,159576000,358800,Right,3,Low/Medium,171.4,68.0,2027,46,69,84,72,21,60,18,4,5,2,241068000.0
1940,Jude Lewandowski,18,Portugal,La Liga,RB,68,84,180000000,381000,Right,1,Medium/Medium,167.0,67.4,2025,69,44,42,48,42,70,17,1,4,0,271923000.0
1941,Robert Muller,29,Netherlands,Bundesliga,CM,73,79,38581000,133000,Left,1,Medium/Medium,195.0,87.5,2026,74,40,75,70,40,70,8,0,3,1,
1942,Rodri Salah,21,England,Premier League,RB,79,85,180000000,402000,Right,2,Medium/Low,175.9,68.7,2026,78,76,87,70,66,79,30,2,2,1,271923000.0
1943,Vinicius Valverde,26,Japan,Premier League,RB,67,75,77500000,192900,Right,1,High/High,169.1,60.9,2026,65,54,67,69,66,40,28,0,3,1,117078000.0
1944,Declan Haaland,28,Uzbekistan,Premier League,CB,75,82,89866000,230100,Left,2,High/High,181.9,79.7,2027,66,96,74,69,37,50,13,0,3,0,
1945,Luka Alvarez,26,Brazil,Premier League,CB,84,89,180000000,412900,Left,3,High/Medium,175.1,73.3,2026,75,51,68,68,48,70,39,1,1,4,271923000.0
1946,Heung-min Mbappe,19,Senegal,Serie A,CM,79,87,180000000,402000,Right,1,High/Low,178.1,69.9,2024,70,54,78,39,64,71,46,3,10,7,271923000.0
1947,Gianluigi Neuer,25,Argentina,Ligue 1,CDM,59,64,39397000,111000,Right,1,Medium/Medium,182.3,73.3,2028,57,67,70,57,65,57,19,0,4,2,59516000.0
1948,Gavi Bellingham,24,Portugal,Saudi Pro League,CAM,70,79,81360000,205200,Left,1,Low/Medium,183.6,81.7,2026,69,65,36,78,36,72,28,2,6,2,122909000.0
1949,Bruno Gonzalez,30,Belgium,Ligue 1,RW,75,78,37559000,135000,Right,3,Low/High,179.7,75.7,2028,70,60,63,81,38,76,35,9,5,0,56740000.0
1950,Julian Gonzalez,23,Portugal,Premier League,CM,76,85,146680000,335400,Right,1,High/Medium,182.2,68.6,2026,45,60,62,61,93,65,23,1,9,3,221587000.0
1951,Pedri Son,22,Belgium,La Liga,CAM,70,81,116672000,269400,Right,3,Low/Medium,173.5,67.9,2024,78,96,74,54,50,85,6,1,2,1,176254000.0
1952,Manuel Hernandez,27,Spain,Premier League,LB,67,73,47596000,138600,Right,2,High/Low,172.2,66.8,2026,82,88,81,76,81,87,6,0,0,0,71902000.0
1953,Jan van Dijk,23,Uzbekistan,La Liga,RB,73,88,180000000,390100,Right,2,Medium/High,170.0,,2026,68,75,61,70,59,69,45,1,4,4,271923000.0
1954,Manuel Lewandowski,25,Brazil,Serie A,CAM,63,68,41663000,121200,Right,1,High/Medium,174.8,69.7,2025,67,42,47,65,74,78,40,4,7,4,62939000.0
1955,Thomas Wirtz,25,Germany,Premier League,RB,81,92,81055000,226400,Right,3,High/Medium,182.6,74.0,2026,61,60,69,78,66,47,41,2,6,5,
1956,Thibaut Silva,30,Uzbekistan,Premier League,CM,87,91,88956000,254200,Right,5,High/High,179.1,73.8,2026,66,72,54,51,58,80,38,5,8,3,134384000.0
1957,Luka Silva,25,Croatia,MLS,CB,75,86,180000000,394000,Right,1,Medium/Medium,173.0,66.6,2027,64,73,56,82,57,85,43,1,4,4,271923000.0
1958,Bernardo Alvarez,24,England,Serie A,CM,70,83,97854000,235200,Left,2,High/Medium,183.3,90.4,2025,91,82,95,47,32,55,23,5,10,0,147826000.0
1959,Trent Wirtz,20,England,La Liga,RW,80,94,180000000,404100,Left,1,High/High,188.9,81.9,2026,76,51,55,56,51,75,42,9,2,3,271923000.0
1960,Gianluigi Mbappe,19,Belgium,Premier League,RW,78,88,180000000,400000,Right,3,Low/Medium,179.9,73.7,2025,47,61,43,53,45,45,27,6,3,1,271923000.0
1961,Joshua Junior,20,France,Premier League,CAM,70,85,82922000,208100,Right,1,Low/High,174.3,76.0,2026,82,49,73,59,49,58,20,1,3,1,125269000.0
1962,Theo Sane,20,USA,Saudi Pro League,CAM,72,94,168865000,368000,Right,2,High/Low,179.2,68.0,2025,97,83,74,70,48,61,10,1,3,1,255101000.0
1963,Bukayo Leao,25,USA,Premier League,CM,67,77,51654000,146000,Right,1,Medium/Medium,174.8,69.3,2024,78,73,77,75,57,50,30,3,7,5,78033000.0
1964,Mohamed Gonzalez,27,Belgium,La Liga,CM,73,76,66573000,183900,Right,2,High/Medium,174.4,65.9,2026,85,53,76,65,66,65,26,1,8,1,
1965,Leroy Martinez,24,France,Premier League,CB,74,79,81413000,212800,Right,3,High/High,189.6,84.7,2025,81,65,67,50,52,64,28,0,2,2,
1966,Kingsley Griezmann,28,Senegal,Serie A,CDM,66,74,32536000,109500,Left,1,Medium/Low,188.4,78.8,2026,82,62,67,40,72,75,44,2,6,8,
1967,Rodri Dias,36,Croatia,Premier League,CDM,63,63,4718000,54000,Right,1,Medium/Medium,181.0,77.0,2029,76,47,78,78,47,49,25,3,2,2,
1968,Erling Muller,28,Italy,Ligue 1,ST,61,63,30168000,97200,Right,2,Medium/High,169.2,67.0,2026,81,76,87,76,56,75,34,13,11,3,45574000.0
1969,Thibaut Valverde,26,Senegal,Ligue 1,CDM,75,81,66734000,188000,Right,1,Medium/Medium,184.3,80.6,2026,74,63,47,80,93,58,15,3,0,2,100814000.0
1970,Ousmane Wirtz,24,Netherlands,Ligue 1,CM,72,87,136687000,309500,Right,1,Medium/High,195.4,89.5,2028,49,53,56,65,33,52,13,1,1,0,206490000.0
1971,Gianluigi van Dijk,23,Senegal,La Liga,CDM,71,80,139884000,313500,Left,1,Medium/Low,180.4,73.3,2028,58,47,73,75,47,65,16,0,0,3,211320000.0
1972,Rafael van Dijk,19,USA,Ligue 1,CM,76,90,180000000,395900,Left,3,Medium/Low,180.8,69.0,2028,61,75,68,58,22,77,30,6,11,0,271923000.0
1973,Cristiano Rice,23,Uzbekistan,Serie A,CAM,65,78,61562000,160600,Right,3,Medium/Low,173.8,72.5,2024,40,66,39,73,59,62,42,10,6,6,93001000.0
1974,Rafael van Dijk,31,Uruguay,La Liga,CB,63,64,5971000,56300,Left,2,High/Medium,187.7,86.3,2027,61,50,56,60,55,74,7,0,1,0,9020000.0
1975,Luka Becker,28,Croatia,Bundesliga,CDM,74,82,78187000,206900,Right,2,Medium/Medium,177.6,68.4,2027,87,54,69,56,57,71,37,2,3,0,118116000.0
1976,Alisson Gonzalez,21,England,Premier League,LW,58,72,22199000,78300,Left,2,Medium/High,186.0,81.9,2027,55,62,65,70,38,95,19,4,2,0,33536000.0
1977,Kylian ter Stegen,23,Senegal,Premier League,CDM,70,81,97488000,234600,Right,1,Medium/High,177.7,67.6,2026,82,63,59,69,41,64,9,0,1,1,147273000.0
1978,Bruno Moraes,28,Uzbekistan,Bundesliga,LB,92,96,180000000,431800,Right,3,Medium/High,184.2,78.2,2024,76,65,95,78,55,66,28,0,6,4,271923000.0
1979,Federico Rice,19,Uruguay,Premier League,CM,61,85,81749000,191000,Right,1,High/Medium,181.7,76.9,2029,78,33,64,50,29,81,15,1,3,0,123497000.0
1980,Florian Alexander-Arnold,22,Spain,Serie A,LW,69,80,115995000,266400,Right,3,Medium/Low,190.6,81.0,2026,88,63,68,79,70,67,37,8,8,0,175231000.0
1981,Heung-min Lewandowski,29,Belgium,La Liga,GK,55,57,8243000,48700,Right,2,High/Low,189.0,81.9,2026,68,42,66,68,29,71,27,0,0,0,12453000.0
1982,Achraf Coman,23,Spain,Saudi Pro League,CAM,70,85,180000000,384600,Right,1,Low/High,189.8,85.8,2026,92,84,67,80,52,46,14,4,7,1,271923000.0
1983,Julian Neuer,19,USA,MLS,LW,88,96,180000000,422100,Right,3,Medium/Medium,179.6,73.1,2026,73,78,65,80,47,66,47,21,7,5,271923000.0
1984,Thibaut Saka,24,Brazil,Saudi Pro League,CDM,76,91,180000000,395900,Right,1,High/Medium,180.9,72.0,2025,76,80,35,35,45,59,32,2,2,3,
1985,Gavi Ronaldo,29,Spain,La Liga,ST,67,73,44160000,132300,Right,2,Medium/Medium,181.8,70.5,2026,66,25,51,80,26,62,43,1,6,0,66712000.0
1986,Trent De Bruyne,25,Portugal,Premier League,LW,89,94,180000000,424500,Right,4,Medium/Medium,172.5,66.4,2029,59,57,60,81,54,71,21,7,3,2,271923000.0
1987,Virgil ter Stegen,21,Japan,Serie A,CAM,58,78,51765000,132000,Right,1,High/Medium,181.1,70.2,2026,56,60,76,50,33,67,30,5,10,0,78200000.0
1988,Gianluigi Saka,22,USA,Premier League,CAM,76,86,105238000,260000,Right,1,Medium/Low,173.0,66.9,2026,81,71,60,46,57,77,29,5,6,4,158981000.0
1989,Ruben Son,23,Netherlands,Premier League,CB,73,86,180000000,390100,Right,2,Medium/Medium,188.4,78.9,2027,90,76,53,77,41,79,40,2,1,6,271923000.0
1990,Rodri Ronaldo,24,Portugal,Serie A,CB,70,74,111215000,259500,Left,1,Medium/Medium,190.0,85.8,2026,75,82,78,68,54,65,16,0,1,2,168010000.0
1991,Ruben Modric,27,Croatia,Serie A,CDM,78,87,140400000,328000,Right,1,High/High,192.3,84.6,2026,76,25,83,58,22,71,7,0,2,0,
1992,Marcus Son,19,Argentina,Eredivisie,LB,63,81,42509000,122700,Right,2,Medium/High,183.1,86.7,2026,55,49,43,85,71,43,33,1,1,4,64218000.0
1993,Joshua Ronaldo,30,Senegal,Premier League,RB,75,79,28772000,119000,Right,2,Low/Medium,187.6,71.7,2025,73,62,66,70,74,71,28,2,5,8,43465000.0
1994,Theo Dias,17,USA,La Liga,RW,73,96,180000000,390100,Right,3,Low/Medium,185.3,79.6,2025,50,75,30,39,45,80,23,15,1,0,271923000.0
1995,Kevin Messi,22,Belgium,Premier League,LW,65,77,158304000,336500,Right,1,Medium/Low,176.3,69.2,2027,58,74,60,53,93,57,17,6,4,4,239147000.0
1996,Marquinhos Gonzalez,18,England,MLS,CM,88,96,180000000,422100,Left,4,Low/Medium,195.7,82.9,2028,93,69,91,80,68,77,20,3,5,1,271923000.0
1997,Achraf ter Stegen,23,Uruguay,Ligue 1,RW,71,87,66627000,180300,Left,1,Medium/Medium,173.7,68.7,2027,73,51,66,67,50,62,44,9,7,1,100652000.0
1998,Julian Musiala,24,Belgium,Ligue 1,LW,71,84,133649000,302100,Right,2,Medium/Medium,177.7,,2024,73,53,45,57,46,61,31,12,7,3,201901000.0
1999,Vinicius Junior,24,Netherlands,Saudi Pro League,CDM,64,79,32266000,105700,Right,2,Medium/High,191.5,88.4,2026,79,51,46,72,40,85,10,0,1,0,48744000.0
2000,Kylian Saka,20,Germany,Serie A,CB,71,93,95864000,233400,Right,1,High/Medium,193.5,85.8,2024,85,46,51,59,44,67,46,2,2,4,144820000.0
